Customer Name,Review Topic,Review Body,Rating(of 5),Review date
damola,I like it,It develops some little technical issues over time but it is still good btw.,4,28-12-2022
SHIMA,Earbud,The beat is awesome,5,28-12-2022
ul,Awesome stuff,Been using for over two months now. And it's been awesome. The bass is a dream! The controls have a bit of issue cos I can't get the hang of it but it's easily negligible.,5,27-12-2022
anuel,oraimo freepods-3 2baba earpod,The sound is cool,5,27-12-2022
ac,I love it.,It is a really good product. Great value for money. Loud and strong.,5,23-12-2022
i,good,I really like it,5,23-12-2022
vin,I love 3,It is very good,4,21-12-2022
ica,The oriamo legacy,Quality delivered as usual. The battery life is great.,5,16-12-2022
cah,Sound,Works perfectly with no issues ????,5,15-12-2022
er,Sounds great,Great sound. Battery lasts long. Clearer calls too. Will recommend.,5,15-12-2022
oma,I Love it,It’s exactly what I requested for????,5,14-12-2022
holas,good product,Perfect,5,14-12-2022
demi Tiamiyu,Good,Awesome,5,12/12/2022
AYA,It was awesome... battery last longer,It's easy to operate,4,12/12/2022
mbola,Bluetooth,The product works well,5,12/12/2022
iel,I'm in love with it,"The best Earbuds in the market right now, bass, quality, durability all in check... 10/10... Buy now oo",5,12/12/2022
iella,Absolutely love it,"Loud,comfy and maximum bass",4,12/12/2022
va,awesome,"Amazing audio, and battery life, the bass is premium, would gladly recommend to anybody",4,12/12/2022
jamin,"I didn't only like it, I love it","D best among earpods. Sound wise, ba3 wise n so on and so forth are just 101",5,9/12/2022
cy,serving its purpose,Hubby loves it,5,8/12/2022
eph,I love it,"Amazing bass and a very long battery life, it's just simply exceptional",5,7/12/2022
anuel,⭐⭐,"Make sense, top notch quality. I'm enjoying every bit of this freepods",5,7/12/2022
IQ NAGODA,Amazing,"Everything about the product is good, the design, sound quality and connectivity. It also has a long lasting battery life. Recommended ????",5,6/12/2022
rie,i like it,so so good,5,6/12/2022
our chidera,Very nice,The sound is okay and the battery life is top notch…,5,5/12/2022
le,I LIKED IT,Matched my expectations,5,5/12/2022
iam,Amazing product,Amazing product,5,5/12/2022
sa,Awesome auto connect,Very durable,5,5/12/2022
a,I like it,My client loves it,5,2/12/2022
ael,It's amazing!!!!!!!,The sound is crazy gooooooooooooood!! A must get.,5,1/12/2022
dnews,Mr,The batter is long lasting.. Nice pods,5,1/12/2022
ka,Good battery life,What i enjoy most is the long battery life. Sound is just okay,4,1/12/2022
n,I like it,"Last for long hours 
clear output and input",5,30-11-2022
ochukwu,Trinity,I like the noise cancellation,5,30-11-2022
dom Finnian,Awesome,Love it,5,30-11-2022
vin,Good product,It's nice,5,29-11-2022
riff,dope????,"Battery lasts longer, and the bass is goood",5,29-11-2022
eed,Like it,"I really love it, in fact it beyond my expectation",5,29-11-2022
boy,Best value for money earbuds i know!,"I hardly give 5 star ratings but this had to force me into doing that, it's sound really outclassed my expectation, low, mids and high ends really on point, sounds better than any 3.5mm earpiece I have ever used.. Oraimo just got my attention once again after a very long while...!",5,28-11-2022
BIYI,I like it.,Got what I expected.,5,28-11-2022
dubem,Nice Product,Useful for it's purpose,4,28-11-2022
segun,Very good,"Nice battery, good sound.",5,28-11-2022
bami,I like it,Its features meet my expectations and it works well for calls and music.,5,28-11-2022
ius,Nice sound,Recommend to all,5,28-11-2022
ashman,I like it,The sound is good and lasts up to 6 hours✅... But can't increase/reduce volume from pod3 unlike pod2,4,25-11-2022
uel Olubodun,Better,Good sound output. Especially covering outside disturbance and giving a good bass sound. Better for the price.,5,25-11-2022
buzor,I like it,Awesome and loving it,5,25-11-2022
hua,I love it,It gives a better music experience like I'm in de studio with the artistes,5,25-11-2022
uel Richards,Perfecto!!,"The sound quality is awesome, the ear tips to selevt from is a sweetspot for me. This stuff is truly built for Afrobeat. Battery life too is awesome...
Let's hope it lasts",5,24-11-2022
le,Quality,The sound is just good...good quality,5,24-11-2022
mond,Sounds okay,Mic call quality is poor,3,24-11-2022
ner,Perfect,"It's perfect for the price.....I recommend it to anyone who wants a long lasting Bluetooth earbuds

Trust me",5,24-11-2022
nezer,I love it,"Bass is lit, good clear sound.",5,23-11-2022
wabukunmi,I like it,It's okayin aspect of sound but sometimes it has issues with calls,4,23-11-2022
iq,Good product,Good quality and sound,5,23-11-2022
my,Good stuff,"It's cool. Calls are clear, good bass, good ba3 life",5,23-11-2022
washina,Good product,Very nice product  still enjoying the product it works well for me,4,23-11-2022
ahim,Product Okay,"The product was okay in terms of listening to Audio, but when it comes to voice call. I was having high distortion in the microphone and speaker whenever I call. I’m not sure if it is compatible well with an iPhone",4,23-11-2022
bueze,Good Bass,Nice product and great sound quality.,5,23-11-2022
R,EXCELLENT,it was really excellent i enjoyed it. recommend to everyone.,5,23-11-2022
SANNA,its portable and comfortable,The color,5,23-11-2022
anuel,I love it!,It sounds well and last long,5,23-11-2022
ezer Aliyu,Oraimo freepods 3,I love it ????,5,21-11-2022
reen,It is exactly what I ordered ????????????,"When fully charged,it takes me up to a week before charging it again. Oraimo is did extremely well on this one... I had no regrets cos I'm really enjoying it!",5,21-11-2022
GSLEY,Good Product,Really enjoy the earbuds and it last up to 7hrs ..????,4,21-11-2022
mola,good,I like the fact that it connects as soon as the device lid is open.,5,21-11-2022
eb,Good,Good product,4,21-11-2022
lara,Bass,"I love the bass.....but the silicone materials doesn't allow the buds fit in well, I had to remove them.",5,21-11-2022
y,Superb,Great Bass and I'm really flexing it,5,21-11-2022
lins,Average,"The sound quality and bass is good. It has many issues with calls. Overall, it is very average and doesn't worth the hype",3,21-11-2022
anyi,I love it,Sound quality is amazing.Easy to use and battery life is good.,5,21-11-2022
by,power issues,"The device is awesome with great bass. But the power should be worked on.  You can turn it off remotely except you leave it discounted  and then goes off after 3mins. There should be a indication that the pods are charging in the case. The ear loops should be made firm and better go avoid looseness causing it to drop off the pods.
Sometimes people find it hard to hear and the noise cancellation is not as strong as advertised.
Apart from that, they are great. I recommend  anyone getting the device.",4,21-11-2022
ola,Works perfectly,Just as described,5,21-11-2022
LIAMS,I love it,"I love it. It's working fine and the bass is super.

oh yeah, it has longer playtime",5,21-11-2022
emary,I like it,It's ok,4,21-11-2022
hie,I like it,Awesome keep it up,5,18-11-2022
win,comfortable,Loving ❤️ ???? it,5,18-11-2022
piti Reuben,I love it,It has a longevity battery and very suitable...,5,18-11-2022
eph,I like it,The sound is superb,5,18-11-2022
odun,Mixed feelings,"I have issue with the voice, people can't hear me well especially on watsapp calls",3,18-11-2022
n,I like it,Just what I wanted it's style is mad,5,18-11-2022
oma,I love it,Good product,5,18-11-2022
ariyya Abdulrazak,Excellent product,"You are getting more than you paid for with this product, its just perfect all in all",5,17-11-2022
eph,Fine,"I just love it, the design, sound and everything",5,17-11-2022
iel,Amazing,"I love the Ear Pod, I've actually been anticipating a good Earpod and even this. Just getting it is just  too good. I enjoy those bass and clear sound",5,17-11-2022
aq,ice,It's very nice,5,17-11-2022
lola,I love it,Great sounds...,5,17-11-2022
ani,I like it,It's nice,4,16-11-2022
ma,I love it,Nice nice nice,5,15-11-2022
,Good air pods,Good sounds but right pod falls out of my ear despite changing the foam,4,15-11-2022
ustine,I like it,Nice product,4,14-11-2022
cy,oraimo earbud,Works perfectly fine,5,14-11-2022
l,I like it,The product is working perfectly,4,14-11-2022
nie,Love it,"This is my second pair, I lost one ear bud in my 1st pair and decided to buy a new one. I love the fact that I can go without charging it for almost 6 days...sound quality isn't bad either",5,14-11-2022
tar Abba,Wait for Black Friday,Don’t buy this B4 Black Friday you’ll get it for more than half the price,5,14-11-2022
a Sotunbo II,Worth the price,Buy it . You’d like it,4,14-11-2022
ca,I love it,Got what I ordered,5,14-11-2022
diya,Great product,Authentic,5,14-11-2022
ssing,"Mehn, the bass is dope.",Just got it and am loving it. Still testing,5,14-11-2022
afadeen,It's great,Good battery life.,5,11/11/2022
eph,Serves better!,"With this Oraimo Freepods-3 2Baba Edition, I look no further…",4,11/11/2022
bo,I like it,Superb,5,11/11/2022
ise Amewhule,Top notch,Very brilliant sound,5,10/11/2022
omina,satisfactory,Excellent,5,9/11/2022
EPH,Best product,Love it,5,8/11/2022
ri,Cool,My second buy,4,8/11/2022
CY,I like it,Sound okay,4,7/11/2022
zabeth,the packaging is cool,I like it to the extent I can't share it????,5,7/11/2022
uel,I like it.,Stereo is great and supports SBC & AAC,5,7/11/2022
echukwu,I love it,Exactly as described,5,7/11/2022
,Great Product,Excellent so far,5,7/11/2022
be,gud,Very good,5,6/11/2022
ulope,perfect,It worth buying again,5,4/11/2022
a,I like it,When make a call sometime connected sometime no,4,4/11/2022
HONY,perfect,Absolutely good,3,4/11/2022
MDI,nice one,BOOM ????????????,5,3/11/2022
our,I don't like it,"It does not inform me when the battery is low. Sometimes the right ear does not come on and I have no idea why. 
Overall, I do not recommend it.",2,1/11/2022
NAT,Oraimo Freepods,It's of really good quality for a fair price,5,1/11/2022
son,good,"Good product. The battery is supper lasting , the sound is okay",4,31-10-2022
rge,Exactly as advertised,"It's very comfortable in the ear, I sometimes forget I'm wearing it, lol. The earbud last about 5 hours of continuous playback on highest volume, and it produces nice filtered sound. The voice clarity during calls is superb. The casing sometimes sustains me for more than a week when fully charged. The touch function is not as sensitive, it does not always respond",4,31-10-2022
mi,nice product,Amazing sound but sometimes don't allow to connect  both ears together,4,31-10-2022
legwu,Awesome,"Came perfect and earlier than expected, sound quality is perfect too... Well it's oraimo",5,31-10-2022
IEL,Clean,"awesome piece, great sound, beautiful packaging",5,30-10-2022
it,Oraimo FreePods -3 2Baba Edition.,Good as advertised. Really deep bassy sound,5,28-10-2022
hael,ok,Very good,5,28-10-2022
yinka,Good buy,The product is nice. Good battery life and sound quality.,5,24-10-2022
annus,So happy!,Range and sound quality. A worthy purchase.,5,24-10-2022
l,Good,Nice but low noise filter and your voice is low,4,24-10-2022
ANUEL TOLUWANIMI,Good stuff,Good product,5,24-10-2022
an,Good,It's just perfect for the price,5,24-10-2022
c,Amazing Tech,I Love it So much. Oraimo. Keep it up,5,17-10-2022
hua,I like it.,I got the exact specification from the description and everything is working as expected.,5,17-10-2022
wale Onabanjo,Perfect,Great sound,5,17-10-2022
h,I love it,"Blast, go for it, it's the best u can ever ask for and the best u can get",5,17-10-2022
anuel,good,Sound quality top notch. But connection breaks when my phone is in my pocket. It's really frustrating,5,12/10/2022
TAMU,all,Fine for the money,5,11/10/2022
eed,The best,One of the best products I have ever used,5,10/10/2022
n Keys,Sweet,Great product,5,10/10/2022
nkClassiq,It's as advertised,The battery life wow and the bass is good the design is cool value for it money,5,7/10/2022
fidence,Awesome,I love this earpod. One charge can last up to 3 days and more. I really enjoy using it.,5,6/10/2022
tins,I love it,Love it!!,5,5/10/2022
ka,best,love the product,5,4/10/2022
ela,Awesome,Everything in its place and the Bass is awesome. Product is great!!!!!!,5,4/10/2022
aji,The Best,Is the Best Earbud ever,5,4/10/2022
JAMIN,Good Sound,"You will love it, good buy",5,4/10/2022
hael,Very Ok,"So so good, good bass, water resistant, so far am enjoying it , I had to get for my wife too",4,4/10/2022
istopher,I love oraimo,"The battery is superb, 8hrs it is",5,4/10/2022
BAYOWA,It's okay...,"It's a good product, good battery, good bass but the only issue is that it pains the ear a lot... If your ear is small you won't enjoy it...",3,4/10/2022
irich,I love the air buds.,They are just what everyone desiring music on the go should have in their kitty. Great acoustics and excellent ear grip.,5,4/10/2022
la,I love it,Good product,4,4/10/2022
gsley,I like it,This product has given me so much convenience just as it was described.,5,4/10/2022
ubo,Maybe na fake una sell for me,"I’m disappointed, the way the sound quality was hyped online ehn, I didn’t meet it like that ooo, sounds scrab to me, even my 2000 EarPod sounds better(LOL)",1,2/10/2022
ejo,oraimo freepods,Nice product,5,30-09-2022
EDI-KACHI,Love it!,True to spec as advertised.,5,29-09-2022
,Good stuff,I like it.,5,28-09-2022
eraj,Great sound,The sound is premium. It’s worth it,4,28-09-2022
f,Its ok,It's just a lil bit bigger than my Ears but yea it's cool????,4,27-09-2022
leman,Good,Easy to connect.... The bass is nice .... Comfortable in the ear .... The rub help to protect it from damage when mistaking falls,4,26-09-2022
dozie Anthony,The Best,Oraimo AirPods *Blast*,5,26-09-2022
a,Newly,the Bass is dup. but i struggle to connect d left ear at dsame tym. For nw I reserved my comment.,4,26-09-2022
n Onyemuze,I love it,The sound quality is amazing! You should definitely try this,5,26-09-2022
uf Nuhu,Earbuds,Wow total noise cancellation ????????,5,26-09-2022
ma Egun,Loved it,Product met specifications,5,26-09-2022
igbe,I like it,is what I expected,5,26-09-2022
an,I like it,It’s worth it,4,26-09-2022
inde,I like it,Amazing,4,26-09-2022
oh,Really good,Good bass,4,26-09-2022
un,love,Last and the base sound good i love it.,5,23-09-2022
nk,Great device indeed and highly recommended,"Effect, Noise cancellation, Long Battery life and the packaging.  Tumps-up!",5,23-09-2022
ta,I love it,"I got exactly what I ordered, and it’s working perfectly.",5,23-09-2022
adina,Nice one,Oraimo dey try well,5,23-09-2022
idele,I love it.,Nice product.,5,23-09-2022
,Kaiiiiii❤️❤️❤️,"Abeg, the price is worth the value! 

First of all, the bass is just so so good and at the same time having a clear, distinct quality sound! When I'm watching Netflix with it, it's as if I'm in cinema + the Environmental Noise cancellation is superb, I didn't even know a gen was on around me, it was when I has removed the earbud I even noticed, to tell you how good it is!

The earbuds are designed so well that you would you even forget an earbud is in your ear! It fits so well.

They definitely didn't lie about battery life,.used it for 4hrs straight and only 50% still remained!

Perhaps, where I would just like them to improve is the touch control, wished it was flat for easier touching. 

But in all....10/10 for this♥️♥️",5,22-09-2022
ith,i love this product,The sound and lasting battery,5,21-09-2022
,I love it,As expected just too good,5,21-09-2022
nedu,Perfect,Perfect product,5,21-09-2022
ny,,,5,21-09-2022
,Solid.,"Booyaka, simply awesome. A Must have.",5,20-09-2022
fie,I love it!,I feel like this product has way too many good reviews so i dont need to talk much. I love it so much that  Its my 3rd buy!,5,20-09-2022
by,I love it,"Very firm in the ear, nice bass, and long lasting",5,20-09-2022
anuel Orji,Love it,Bass Mode is lit!,5,20-09-2022
omi,I love it,Pairs well with my iPhone… no issues,5,19-09-2022
ULRAHEEM,I like it,Oraimo my product ????????,5,19-09-2022
,Works Well,It works really well; audio quality is great and calls are clear. It's just a bit difficult to get used to the touch capability cause it seems to work of it's own will,4,19-09-2022
uq,It worth the price,It worth the price,4,16-09-2022
iu,I love it,Just as advertised,5,14-09-2022
n Sparkling,The best earbuds I’ve ever used.,"This earbuds is all it promises to be. fell inside water, forgot and used it while bathing, fell multiple time but still working perfectly fine. Been more than 6months since I bought it and it still sounds like the first day I used it.

Never regretted paying for this.",5,13-09-2022
roja,great,"awesome bass, noise cancelling fantastic",5,13-09-2022
mide,Love it!,"I enjoy using it
it lasts so long and have a good audio feedback with songs and calls.",5,12/9/2022
ajide,"Good,  but ...",It's not up to a week of purchase and they are beginning to fall of my ears. The rubber support is pulling out as well.,3,9/9/2022
itope,Its Awesome,I love what I got... ????????????,5,8/9/2022
ma,Love it,I've never been disappointed by an Oraimo product and this is no exception,5,6/9/2022
dness,Worth It,"... has been doing it's work till now.
It's great! It's worth it",5,5/9/2022
nanya,Loved it!!,"It’s perfect, worth the money, sound it good, easy to understand instruction guide. Only problem I had was one ear wasn’t pairing at first. I fixed it by pairing with the particular ear that want pairing Alone, instead of together, then pairing with the other ear later",5,5/9/2022
hony,Great,I love this earpiece. The bluetooth is apt!,5,30-08-2022
loye,I love it and recommend it,Just like the saying the sound is the difference once you start using this product you will feel the difference in the sound. Don't hesitate to get one for yourself. And I think you guys can had a pouch to it,5,29-08-2022
inyechi,Earbuds,I love it. But the two ears work separately. Don't know if it's by design though. I don't really appreciate it. Although sometimes it helps because I get to connect one ear to my phone and another to my laptop.,3,29-08-2022
em,I liked it,The experience was on another level,5,29-08-2022
oma,I love it,Oraimo is the best,5,26-08-2022
la Mary Jane,POOR,You can't use it for a phone call. The person at the other end won't hear anything you say.,2,24-08-2022
CHUKWU,Super Bass,"Was very sceptical in getting it but ended up buying it.
It has a wonderful music production, thou the awareness mood is just a marketing strategy, listening to music on awareness mood doesn't give you the nice music production.
In general it's a very nice stereo earbuds for music lovers",5,23-08-2022
thew,Product,Working great ????,5,22-08-2022
id,great,"the bass is top notch, long lasting battery and great output",5,22-08-2022
vellous A,Good Sound for the price,"Can’t turn on buds without the case and ear tips loose elasticity easily
PS:I’ve used mine for about 1 month",4,22-08-2022
tunde,Longevity,It's long lasting,5,18-08-2022
 Victor,Long-lasting battery,The bass is topnotch and the battery lasts a great deal. A good buy,5,18-08-2022
tade,I like it,"The product is so nice ,the battery????is strong and the sounds is so good ????",5,17-08-2022
as Akinbola,Nice product,Oraimo no need too much hyping na lol,5,15-08-2022
INNAYA,I like it.,It's very okay and it lasts.,4,15-08-2022
e,Not recommended,Terrible noise cancellation,2,12/8/2022
inet,Good quality,"The ear foam should not fall off,
I would rate it 6.5/10 as an audiophile
And 8.5/10 as an average person
But the battery is extremely good",4,11/8/2022
in Toyin,It’s fine,It works well enough for the price..good buy,4,11/8/2022
enkhe John,Nice,Lovely,5,9/8/2022
ni Ismail,Great sound,Noice cancellation is top notch,5,9/8/2022
ilola,I like it,Works fine,5,9/8/2022
bammy,Great product!!,Just got it and I'm enjoying it!!,5,8/8/2022
,I like it,Nice one,4,8/8/2022
ez Lawal,Great product,"Noise cancellation works very fine.
Bass boost if superb. For the price? It’s a cheat",5,8/8/2022
mide Nofisat,Perfect!!!,"I love everything about this earbuds, long lasting and everything I hoped for",5,8/8/2022
waseyi,perfect,Serving well.,5,5/8/2022
gan,i like it,So nice and fantastic,5,5/8/2022
apo,I love this,Serves my need,5,2/8/2022
lekan,I like it,It sounds good.,5,2/8/2022
gsley,Good product,"It has a good battery,it last for like 3day on a heavy usage and it has a good sound ????",5,2/8/2022
k,So captivating!,Good product with long lasting duration of usage!,5,2/8/2022
piness,I love ❤️ It,"I love the packing. The sound/bass, everything is cool for me. I’m enjoying my earpod so much ????",5,1/8/2022
elvan,Met Expectation,"After reading so many reviews and watching so many review videos on YouTube. I finally decided to order it and I'm glad to tell you that my expectations was met. 
Good sound quality
Good battery life 

90%",5,1/8/2022
ola,Great product but watch out for your ear size,Works as advertised (Huge emphasis on base) but you may not enjoy it if your ear holes are small,5,1/8/2022
ael,i like it,Nice product,4,1/8/2022
watobi,oraimo free pods-3 2baba,Perfect,5,30-07-2022
,I like it!,The noise cancellation feature is amazing!,5,30-07-2022
le,I like it,Good quality,5,30-07-2022
e william,My ear hurts,My ear hurts when I put freepod on for longer than 30mins and I sometimes have to clean my ear after use. The oraimo team could have added a better protective cover for people with delicate ears.,3,27-07-2022
ir,as it describe,"Excellent battery, Noise cancellation good",3,27-07-2022
hia,good,Very nic,5,27-07-2022
,Bomb,Connected,5,27-07-2022
ty,Great,The sound is really ok. Will really recommend.,4,25-07-2022
wojolu Dipo,Good Pair of Earpods,"Sound quality is good, However the touch control isn't accurate, it's takes several attempts to change songs. Pairing after disconnection isn't smooth it takes a while to reconnect.",4,25-07-2022
an,excellent,"Very good sound, even if I don't charge it for 4days, I am still good to make use of it.... Best of the best... Good one",5,25-07-2022
r,Great,It's quality,5,22-07-2022
na,I love it!,It’s a really comfortable fit that works perfectly. The battery charges quickly and lasts for so long. The sound quality is great especially with the noise cancelling buds on. I highly recommend,5,22-07-2022
ba,Nice,"It ok for the price, and I enjoyed every beat of it",5,21-07-2022
inde,Beautiful product,Prefect for use.,5,21-07-2022
id,Good product,"The product is okay but if falls off ears easily. The rubbers are too big, making it fall off ears and you can only enjoy the bass when the rubbers are there.",4,20-07-2022
TER,Worth the price,The sound is great and the power on the earbuds lasts long after a charge,5,20-07-2022
TOR OBAYI,Good to be recommending,Excellent,4,20-07-2022
day,very good,Worth every penny,2,20-07-2022
son,Cool,It's nice,3,20-07-2022
t,oriamo,"The sound is good , the size is also good and it has a long  lasting battery.",5,19-07-2022
buzor,i need a casing pack,"Please the product is really cool and sleek, but the only default I have is for oraimo to produce a protective casing for the Earbuds.",4,18-07-2022
midola Wahab,Very good,"Its worth price, loud, it has the bass my only pro with it is the touch isn’t as sensitive as it was advertised",4,18-07-2022
eph Ojah,Performance,The best,5,18-07-2022
amin,good,long lasting battery and the sound,5,16-07-2022
 Dexter,Perfect earpods,"The earpods are good, I mean very good and for it's price I would say it's very fair. Not just the bass but the noise cancellation feature is also top notch. I barely hear anything from my surrounding when I put them on and not to mention the battery, oh my, since I bought it for the past 3 weeks it has never been low. It really lasts.",5,15-07-2022
nkwo,I like it,It's Good,1,15-07-2022
dluck,I love it,"The battery is superb and the bass is fire ????
I’ll recommend this to anyone and everyone",5,15-07-2022
entine,Superb!!,"The features are magnificent.
I love it.",5,14-07-2022
r,It's durable,does the job,4,14-07-2022
vin,"It’s Good but not, way too Good","It feels and looks nice, it also have great battery life, from some who came from a mid range battery life earbuds, to have mics on it is really good, but the quality is good but not too god, About the sound it sounds great but the bass is not top end, it’s just basic normal bass.",4,14-07-2022
INDE,oraimo freepod 3 is cool,"It is cool to an appreciable extent 
Thanks",3,13-07-2022
ian,It's Okay,I bought these earbuds because of the reviews. There's no bass or noise cancellation but the battery life is impressive.,4,13-07-2022
rick,great stuff....loving it,Very perfect in everything and It's Recommendable.,5,13-07-2022
eph,Big earbuds,"The buds are a little too big for people with small ears 
Nevertheless, the sound is really great ????????",4,13-07-2022
on,Premium Quality,"Oraimo letting us enjoy premium quality for cheap. Sound is impeccable, durability is top notch. Mine fell into water and nothing happened to it",5,13-07-2022
AS,It is dope,The battery lasts long and it is durable even if the pods fall from aeroplane and lands inside frying pan it will still work ????,5,13-07-2022
,It's Perfect...,"Oraimo is the best.... This Earbuds is something else honestly...
The sound is wonderful....
It worth the money",5,13-07-2022
ostical,Awesome!,"Awesome product, could do better with a pouch. Impressive bass and battery life. Although, there was error in packaging with the buds. The 3 sizes are all the same, didn't expect that from the official store. Like I said it's a minor packaging error.",4,13-07-2022
deji,Amazing bass,Love the bass of the music,5,11/7/2022
CIOUS,ok,I'm enjoying it,5,11/7/2022
mche,low quality,Not up to a month and it's already messing up.,1,11/7/2022
es,Good,"Good Bass output, enhanced by DSP",4,11/7/2022
iel Onwordi,Excellent product,"Excellent product, sound quality and battery life checked",5,11/7/2022
ulrazaq,I like it,It's exactly what I ordered for,5,11/7/2022
drack,I like it,It's worth it,5,11/7/2022
prosper,Sound and Battery,"The sound is great, battery life is good. I lost my former one, i was so addicted; i had to buy another",5,11/7/2022
,I love it,Got what I ordered,5,11/7/2022
RE,I like it.,"Exactly how i wanted it, i love it..",5,11/7/2022
nwumi Sanyaolu,It’s great.,Great value for money,5,11/7/2022
waseun,powerful,Great sound and battery,5,11/7/2022
uwaleke,"Cool Product, ENC?","Great product, nice bass, but awareness mode is a bit disappointing,
Did you say ENC is present? Well, i don't think it is present.",4,8/7/2022
DI,Good,Battery lasts long,5,8/7/2022
kunle,I feel pains in my ear when using this earbuds,It is has good quality sounds but I feel pains in my ear when using this earbuds within short period of time. I would recommend oraimo FreePods Pro over this. I even changed the eartips that came with the earbuds and it is still the same.,3,8/7/2022
itope,I like it,"Very good product. It fell into water, and its still working fine",5,8/7/2022
er,I love it,Exactly what I ordered.,5,8/7/2022
itayo,nice body,Very sleek,5,8/7/2022
l,"Good bass, good sound","Love it so far. Was worth it!
Battery is durable and sound quality on call or with Spotify is great!",5,7/7/2022
fe,It good,"It not really loud , but i love the packaging",3,6/7/2022
oyi,prpduct review,Product was dusty but in good condition,3,6/7/2022
dom,Top quality,Its the best i have come across in recent time...,5,5/7/2022
med,Very nice,Oraimo will always be the best airpod product in Nigeria,5,5/7/2022
E,Remarks,It's superb ???? ????,5,5/7/2022
NIYON,I love it,Superb,5,5/7/2022
orah,Love it,Worth every penny,5,5/7/2022
moi,Great product,"A week of usage. Battery life is on point, connects fast and the sound production is good. Enjoying it so far. Let's see how it does with time.",5,4/7/2022
ia,Nice airpod,"The functionalities so far look great. It would be nice if they allowed us to choose based on the size of one's ears for the device. Omg, my ears are so small, they sometimes hurt from the bugginess.",5,4/7/2022
,I love it,Sound is great,5,4/7/2022
chukwu,I love it,The sound are 100% good,5,4/7/2022
eman,Amazing Product,It has an amazing sound quality with a clear bass tone,5,4/7/2022
rji,It's awesome,Exceeded my expectations for something within this price range. It's a must buy if you're looking for something within this price range.,5,4/7/2022
us,I love it!,The sound is out of this world. The noise filter feature is commendable too,5,4/7/2022
echukwu,Superb,I like it,5,4/7/2022
l,powerful.,It beats my expextation,4,4/7/2022
E,Good,Very good,5,4/7/2022
id,i loved it,"It's beautiful, and the sand is perfect",5,4/7/2022
mbola,love it,value 4 money,5,4/7/2022
vir terdoo,Amazing,Just as expected and the bass is mad!,5,4/7/2022
n,I love it.,Great product. Lasting battery and good sound.  Impressive,5,4/7/2022
waKemi,I love ❤️ it,"Oraimo keeps impressing us with each product. This 2baba pod is just top touch. I would really love it if Oraimo can produce other colours of it like white, pink, red, yellow etc ????. Oraimo nah d baba of quality products legit. Keep it up guys.",5,4/7/2022
rick,Sound,Very clear sound.,5,4/7/2022
bola,good buy,worth it,5,4/7/2022
ko,Over hyped,It's okay for normal music lovers but not okay for sound gurus and pros..,3,4/7/2022
wafemi,Nice,It's great I love it,4,4/7/2022
watosin,I like it,"Awesome Product working well, confirmed by the person I gave as a gift",5,4/7/2022
GBOYEGA,Amazing sound production,It's perfect but can be more,4,4/7/2022
ly,I like it,No one will ever regret buying this. I really love it!. What gives me more joy is the rate of how fast it gets charged and used for a long time before getting low.,5,1/7/2022
APO Ogun-Emmanuel,Good product,"Lovely earbuds, good bass output and beautiful design ...",5,1/7/2022
tor,all features is excellent,Dope and I'm serious about this.,5,1/7/2022
wafemi,I like it,It's great. Thank you.,5,30-06-2022
reyor,I love it,It’s exact how I expected it,5,30-06-2022
E,Right ear not working,Right ear not working,1,30-06-2022
nemerem,addicted,"This is my third review, bought it first time and misplaced it after a month, bought it second one of my friend tested it and loved it so he took it, so this is the third time am buying it.. So addicted ????????",5,30-06-2022
cious Ibe,Nice,I don’t like the grip it’s not firm on the ear it can easily fall off but every other thing is perfect,4,29-06-2022
ilola,Not too good for calls,The sound quality is good for music but doesn't work for calls. I kept getting feedback that the person on the other end cannot hear me. The sound also breaks when I am watching video on my phone.,3,28-06-2022
echi Princess,Cool,Really nice buh the awareness mood ain’t cool,5,28-06-2022
san,I like it,It’s very good,5,28-06-2022
odun,????????????????,"Totally worth the money...really great product here, thumbs up to u guys????????????????",5,28-06-2022
ssing,Very Nice,The sound is topnotch. It's worth every penny of it,5,28-06-2022
ak,I really love it.,The sound production and voice clarity is really commendable.,5,28-06-2022
nknow,okay,sounds very okay even with calls.,4,28-06-2022
i,Good value for money,Works as advertised. Fits well and battery life is good.,5,28-06-2022
kanni busayo,best product,Nice to behold and good to use,5,28-06-2022
y,good product,Very nice,5,28-06-2022
our,good,Very good bass and lasting battery,5,27-06-2022
son Nathaniel,Top notch,Perfect,5,27-06-2022
ahim,Performance with calls and PC,"Doesn't work so well with calls. I get the complain sometimes that the one I'm talking to can't hear me, then I have to disconnect the airpod. It also breaks a few times while watching a video on my PC with it.",3,27-06-2022
ahim,Good product,Works quite well,5,27-06-2022
keade,I like it,It cool,5,27-06-2022
ilola,Love it,It really nice,5,27-06-2022
kun,Great for the price,Great for the price,5,27-06-2022
uwatito,Super bass,It's a wonderful product. Good value for money,5,27-06-2022
GOKE,I like it,Love it,5,27-06-2022
our,I like it,I love the sound. It lasts,4,27-06-2022
iru,Best ever,Wonderful,5,27-06-2022
anuel,perfect,"It's just as described, loud, fitting and all... Also the ENC is superb and the call quality is good",5,27-06-2022
USTINE,I love it.,It's worth the money. Long lasting battery life and the sound is ????,5,27-06-2022
wan,I like it,"I like it but the two can't pair at ones, it one at a time",3,27-06-2022
oma,I justlove it.,Very clear when making calls. Good sound and bass. Fitting in the ear.,5,27-06-2022
rian,I like it,"It's okay for the price
Sound is okay but can be improved",4,27-06-2022
ajide,Great stuff!,It's really cool,5,27-06-2022
r_krooozy,I like it,product came as expected,5,27-06-2022
yeri,I love it ????,The battery ???? level is strong for days and I will still be using it,5,27-06-2022
ald,I LoVE IT,"I love every bit of it. It's light weight, long lasting and amazing sound! Oraimo Freebuds 3 is my best Oraimo product so far!",5,27-06-2022
iel,I like it but...,"Its great, better bass but it blocks d ear when not hearing or playing anything. 
It painful when worn for long. 
It disconnect nd reconnect itself. 
It will b better if all this are considered in d next product",3,27-06-2022
h,Qualities,"Sound ✅
Battery ✅
But the ENC is missing",4,24-06-2022
banji,excellent product,It's working very well so far,5,24-06-2022
i Michaels,Sound…,"Omooor, Damn!!!",5,24-06-2022
her,wonderful,This hits differently. The battery is surprisingly durable.,4,24-06-2022
wakemi,I like it,Works great!,5,24-06-2022
rachi,Excellent ????,Very powerful,5,24-06-2022
gbulem Theophilus,Quality product,I got what I ordered,5,24-06-2022
k Tega,I like it,Superb!!! Sound like iphone earpod. I'm impress because vision is from Nigerian,5,24-06-2022
u,sleek and portable.,Everything about the pod is good.,5,24-06-2022
yi,Sweet,You are doing well oin,5,24-06-2022
ph,Amazing,Love it!!⭐️⭐️⭐️⭐️,5,24-06-2022
MIDE,Dope,The sound quality is awesome. Highly recommended.,5,23-06-2022
,worth the money,Great battery time and great experience in general totally worth the money,5,23-06-2022
owa,Quality product,It was the original,5,23-06-2022
oyivwi Oghenefejiro,Oraimo freepods,"It was Original, was skeptical at first about its authenticity.",5,23-06-2022
via Alabi,Amazing,"So far so good, it’s been everything I wanted and more",5,23-06-2022
mod,Top up,Make sense for getting sealed from the oraimo ..,4,22-06-2022
eph,Love it,"The Bluetooth airpod is magic 
I am rocking it right now",5,22-06-2022
deji,I like it,"Always loved it, lost it before had to get another one.",4,22-06-2022
mola,really good,"Very good indeed
Still using it till date since last year July",5,22-06-2022
istian,I like it,I love the sound. It connects very fast and it's very efficient when making calls. Both parties hears well.,5,22-06-2022
tain Jack Sparrow,you are doing well.,You are still doing well enough.,4,22-06-2022
IDE,Nice and Affordable,It worth every penny paid on it,5,22-06-2022
ruyi,Very good,The beat is very nice,5,21-06-2022
eb,just wow,The base...loudness????,5,21-06-2022
KWU ONYEKACHI,Good,It’s worth every penny,5,21-06-2022
iri,Works fine,I just got it the products works well,5,21-06-2022
,Really nice,I got the product just in time.. everything is good.. I really like it,5,21-06-2022
u',I like it,Perfect,5,21-06-2022
duabuchi,Wow so lovely,When I said it was very fantastic believe me,5,21-06-2022
eon,I love it,It’s lovely and battery health last long ????????,5,21-06-2022
watimilehin,I love it!,"Punchy bass, long lasting battery life",5,20-06-2022
hman,I love it,"Such a fabulous product, superb",5,20-06-2022
bbie,Awesome,"Perfect bass, but bulky in the ear.",5,20-06-2022
y,In between,"One ear is not working properly don't know why , ????",4,20-06-2022
n,I like it,Just as described. Very nice,5,20-06-2022
el,Oriamo pod 3,Sound is Smooth,5,20-06-2022
 Ahmed Dayo,I love the Freepods-3,I just started using the Freepods-3 and I am already hooked up. Its so comfy and the voice clarity is awesome! I highly recommend.,5,20-06-2022
nusi,beat is superb,I love it...love the fact I didn't regret buying this...good product,5,20-06-2022
iwa,nice,Really nice,4,20-06-2022
kwu,"I love it,",The Bass is top-notch!!,5,20-06-2022
odun oluwapelumi,Nice,I love it,5,20-06-2022
niyan,I like it,Good sound,5,20-06-2022
rauka christian chika,The sound is wonderful,I so much love it. It’s not making noise rather is so calm and cool.,5,17-06-2022
ncis,Oraimo Earbud,It works well and it is much better than what i expected,4,17-06-2022
z Jibril,Amazing product worth the money,"Good music quality, also good for gaming from my experience, perfect battery life ????",5,15-06-2022
ARD,I liked it,It's serving the purpose and was received earlier than promised.,4,14-06-2022
ullah,power,I love how its power is able to last a long time. I go more than a week sometimes without charging its case.,4,13-06-2022
kun,good,Nice One,5,13-06-2022
wafemi Gabriel,FreePods-3 2 Baba Edition,The Pod is exactly what I ordered for,5,13-06-2022
acle,great,Awesome,5,13-06-2022
okan,I Love It.,"It's long lasting,and the sound is perfect.",5,13-06-2022
hie,Very reliable and was delivered in good condition.,I got what I ordered for.,5,13-06-2022
h Deo,I love this product,I got exactly what I wanted. Based like a home Theatre,5,13-06-2022
WASEUN,Love eeeet!,"Wide range, last long without charging and very dope sound",5,13-06-2022
iyi samuel,i like it,"Best brand of all the time...my customer like it, good bass ... everything good as comment by the buyer.",4,12/6/2022
anah,Jumia staff members are so patient,"Good but Jumia is the most unorganised and unprofessional set of humans I've seen
The set of humans handling Ajah axis are so pathetic... Gosh!",4,10/6/2022
de,I like it,Suits my taste ❤️,5,8/6/2022
bakar,Good,it's worth the money. and the battery life span is beyond expectation.,5,8/6/2022
AGIE,Sounds great,Sound quality is very good. Both modes promised were actually delivered. Though can’t still operate it well.,4,8/6/2022
BOYE,I love it!,"The bass sound is fantastic!
The battery life is superb and its lightweight design makes it very portable.The surface is dust resistant and the noise cancellation is great too!
A good value for money.",5,8/6/2022
achy Nwali,2baba Freepod 3,Get a pouch or case for it so it’s easier to carry and the body doesn’t start to scratch easily. Thank you,4,8/6/2022
y,I like it,It is as expected,4,7/6/2022
in,Very good,Sound is quality,5,7/6/2022
e,????????,Great sound and design,5,6/6/2022
arak,I like it,"Very good, quality sound",5,6/6/2022
haniel,I love it,its great,5,6/6/2022
rles,I like it.,Excellent play sound and environmental noise cancellation.,5,6/6/2022
ogun Oluwagbenga,Late delivery,The delivery man took too long to deliver,2,6/6/2022
ry,I like it,The product is amazing and I’m enjoying the sound,5,4/6/2022
AS,U can bye,It is good product,1,4/6/2022
shetu,dont buy,"An ear pod stops
 working after a month",2,3/6/2022
waseun,It's not for gaming,The sound lags while playing mobile game like CODM. You are dead before you know,4,3/6/2022
ka,the inner rubber,It's good but the rubber sometimes get stuck in the ear and you have to remove it separately..,4,3/6/2022
hael,Sound and battery,Perfect,4,3/6/2022
day,Be good,The sound effects and durability.,5,2/6/2022
i martin,Cool,"Really cool, I like it",5,2/6/2022
ia,wowwww,I love it. Working perfectly.  I recommend,5,2/6/2022
wa,Environmental noise cancelation is great ❤️,It has great bass sounds,5,1/6/2022
TOR,Really enjoying it!,"Battery lasts long, hence; there's no need for frequent charging. It's my best so far when compared to about 10 diffrent types I've used in the past. It's really a top premium brand.",5,1/6/2022
ael,Great,A really cool product...Incredible battery life and bass,5,1/6/2022
eb,Nice,Super dope,5,1/6/2022
eb,100%,Perfectly okay,5,1/6/2022
deinde Victor,It’s really good,It fell from a moving car and still works well,4,31-05-2022
id,I like it,Sounds good,5,31-05-2022
mirr,Not Satisfied,"Not worth the price, skips on some occasions (And it's not up to a week old), it's also difficult to operate",3,31-05-2022
mide,Nice,Nice buds,5,31-05-2022
rosakin,Bad Ear clips,Everything's perfect except the ear clips removes at will. A 3 star rating for me.,3,30-05-2022
ez,good product,Only drawback for me is sometimes even connected my audio is still heard from the phones speaker. But clarity and useage is 10/10,5,30-05-2022
az,Power,"Long lasting power
And noise cancellation when needed",5,30-05-2022
una,Superb,It is very good,5,30-05-2022
LEXDNL,Good Stuff????????,Sounds Well. Just that its Operation are quite different frm other devices have used. A single tap should pause or play an existing song not a double tap.,5,26-05-2022
,Thundering bass from the heavens,"It has a nice design,good battery life,comfy and 2baba lol",5,26-05-2022
an Sagay,It’s superb,I love the product,5,26-05-2022
armwen Eli,Good product,"Had to wait patiently for it to be delivered but when i received it, i found the free-pods to be  an outstanding product. Clear sound, good bass, you don’t need to shout to make calls. And, it was an authentic product i authenticated as genuine online by scanning the bar code and entering the code i scratched on the product. I love it and have  ordered another.",5,26-05-2022
ECHI,Wireless freepods,Very good product,5,24-05-2022
wagbemiga,Awesome product,It works well and I really enjoy it,5,23-05-2022
echi,Good to use. Could be better,"Comfortable and good to use. However, I can't use the left ear to receive calls",3,23-05-2022
ed,I like it,It is worth the value,4,23-05-2022
lesome,Amazing,"Very great for the price, actually does have active noise cancellation.",5,23-05-2022
IDE,Tuface,"So far so good, makes brain.",5,23-05-2022
iel ejizu,Nice,It’s cool,5,23-05-2022
ser Afokoghene,Excellent,Veery good,5,23-05-2022
zoma,Need for Improvements,"The product description is different from the product,  the pods are too big, it goes of before the stipulated duration.",3,20-05-2022
NOLA,oraimo frepod3,It came in time and it perfectly cool for me. But am not so comfortable with the rubber bass attached to it.. It hurt my ear ????,5,20-05-2022
es Sarah,Superb,The battery and clear sound,5,19-05-2022
g,fast and reliable,It's very okay,5,19-05-2022
elem Edet,Freepods3,It sounds perfect and the call quality isn’t bad and that was what I was looking out for especially,5,19-05-2022
ammad-irfan Abdus-salam,Nice,Sound nice,5,18-05-2022
RANDUDU,earbuds,One of the earbud isn't working anymore. Like two if them can't work together.. feel bad about this,1,17-05-2022
CAS OLUGBADE,It’s good,I love it .,5,17-05-2022
OPHILUS,I love it,It's really has good sound. I recommend this product.,5,16-05-2022
a Muhammad Arab,Excellent,"The best earbud I bought so far ,the sound is amazing thank you ????????????????????",4,16-05-2022
ce Atagoshi,Perfect,"Nice 
Receive and working perfectly",5,16-05-2022
BUSOLA,Good vibes,I'm feeling this product. Great!,5,16-05-2022
velous,powerful.,I love it. It enhances audio quality.,5,16-05-2022
tus,Sound and Battery,"It's just as I saw the review on YouTube, the battery is strong, keep up the good work????",5,13-05-2022
yemi Gbolahan,Delivery agent,Let the delivery date be fixed,5,13-05-2022
istopher,"nice earbud, I love it",Hhhhhhh ????????????????,4,13-05-2022
h,Great,The sound And the Ballance.. It Fits perfectly,4,12/5/2022
rt,great,Excellent,5,12/5/2022
ka,Review for oraimo Freepods-3 2 baba edition,"It actually sounds like an earpiece..
Just the smooth sound, but the beat isn't there..

The earbuds even sounds better..

Nice packaging by the way",1,11/5/2022
,long lasting battery,Long lasting battery,5,11/5/2022
TOR,I'd definitely recommend,The microphone is more clear. People on the other end can hear you clearly and sound has improved way better. It's a Really amazing upgrade,5,10/5/2022
tiny,I love it,"Everything about it rocks, it's the best oraimo freepods so far",5,9/5/2022
nrewaju,The quality is crazy????????????????????????,It's so nice...... the only thing is I can sleep with it,5,9/5/2022
ABO,Was neat and good,Exactly as advertised,5,9/5/2022
ac,touch control,"It's good recieved as specified, working perfectly",5,6/5/2022
Y,awesome,"This is for you if you're looking for a gadget with Great sound quality, deep bass, fast connection and long lasting battery. Just check this out",5,6/5/2022
#NAME?,It is great,I love the super bass and noise cancellation,5,6/5/2022
NCELY,oraimo freepods 3 2baba,Wonderful for the price why waste money for airpod  iPhone,4,5/5/2022
ad,I like it...tho,It's pretty cool.... I love it.,5,5/5/2022
san Akorede,AirPod,"It’s okay , it could be louder though",4,5/5/2022
eed,its been great so far,The noise cancellation is great and when all I do is listen to music the battery lasts pretty long. If I use it  to receive calls and speak it dies a lot faster  but the charging pack guarantees its worth the price,5,5/5/2022
SURAT,I like it,"it's purchase is from the use if the model2. However, it's not as easy to use as the model2",4,3/5/2022
utomi,Great bass,Nice buy,5,2/5/2022
T,I like it,Nice product,5,2/5/2022
hony,I like it,Superb sound!! Good quality!!,5,2/5/2022
i Alexa Akpala,Amazing,It’s sounds amazing. It’s a good product,5,2/5/2022
nagorom,Nice,It sounds good ☺️,4,2/5/2022
dimma Immaculata,Perfect,"I bought this product for the second time, no complaints. Quality is superb!!!",5,29-04-2022
lins James,I love it,I love it but sometimes it cut off from the connection through ur phone,5,28-04-2022
MENT OBADA,Good Sound,it's delivered as promised.,5,27-04-2022
tomilayo Arijeniwa,It is perfect,"I love the ear buds
Nice fitting
It is light and great sound
Prompt delivery too",5,27-04-2022
OLAPO,Perfectly okay,The pod make sense 10/10,5,27-04-2022
eman,nice,Perfect ????,5,27-04-2022
niyi,Left ear bud malfuntion,In just a few days after I got this the left ear pod started malfunctioning. Now the Right ear pod is louder. at times the left earpod doesnt play any sound. I have tried connecting to different devices and made sure it is well charged. But still the same.,3,27-04-2022
IR-DEEN,very okay,"The Bass is quite okay,,, but it's not okay how you can control the volume without your phone",5,27-04-2022
ONNA,love it,"when you are looking for peace of mind in terms of earbuds, buy this product.
this product checked out all my need and desires in earbud.",5,27-04-2022
ede,Free pod3,Sound is very clear and it is easily operated,5,27-04-2022
is Oluwaseun,Coolest,Superb,4,26-04-2022
id,I have some issues,"Only issue i have is that On  call i find the receiver on the other end couldn't hear me clearly especially in noisy environment whereas my 4000 naira earpod could do better

Again the pod indicator doesn't blink for 4 seconds when charged full. It just stays that way as against what is written in the manual

.",4,26-04-2022
AN,Best,"I will recommend this to everyone, it is cheap and worth more",5,26-04-2022
ngesit,oraimo freePods-3 2baba,"It's great and does the job perfectly.
Last longer and very comfortable, especially with the sleek casing.",5,26-04-2022
le,It's actually as nice as the hype,It's a powerful device,5,25-04-2022
vin,Great earpiece,Works well and lasts long too,5,25-04-2022
wuwo Timilehin,Amazing,Amazing product,5,25-04-2022
tiny,Cool????,"I was so surprised at the the sound, it has a good bass and a nice design. It’s really cool ????????????",5,25-04-2022
ven,Oraimo????,The touch sensor are not that sensitive. But everything else is perfect,4,25-04-2022
de Chi,Very good,It’s very good and loud even for calls but It hardly detects touch and I can’t turn it on except it’s back in the case,5,25-04-2022
ulope,Oraimo Freepods,"The bass is very good and the noise cancellation is decent enough. It does hurt the ear after 20minutes or so, especially the right ear. Good product overall for its price",5,22-04-2022
uel,inconsistent in its functions,"The device is okay, but after a while the ear pieces started having issues",2,22-04-2022
,It's fantastic,"The sound is perfect, I love it!",5,22-04-2022
kwuemeka Udechukwu,Perfect,Very nice,5,22-04-2022
anuel,I love it !,"absolutely love it, beautifully packaged and the sound is worth every kobo spent.",5,21-04-2022
ng,I love it,The sound is super,5,21-04-2022
id Abiodun,Good one,Good stuff,5,21-04-2022
ie,love it!,It's perfect,5,21-04-2022
horun,I love it,I really love how it works,5,19-04-2022
runleke,Awesome product :),"Nice, I love it :)",5,18-04-2022
cious,oraimo freepods 3,It keeps falling off my ears...,3,18-04-2022
ssing Etim,Oraimo freepods,I like it .,4,18-04-2022
tor,..,Good sound quality,5,18-04-2022
e,Really Decent,"Just a few days of using it but it's been really good, no complaints. Bass is good , speech recognition by virtual assistants is good too",4,18-04-2022
MOLA,A bit disappointing,"The sound is good, but the only snag is that I can use just one out of the 2 to speak on phone calls. The other one is just useless, only to listen.",3,18-04-2022
shola,It is portable,It is good,5,18-04-2022
Y UYIOSA,i love it,It's great,5,18-04-2022
eon,My Oriamo review,"The bass is out 

of this world and the battery life is mind bugling.",5,18-04-2022
san Yusuf Oluwatobi,It nice,Nice products,5,18-04-2022
chukwu,I love it,Authentic product only downside is it feels uncomfortable for long term wear on,5,18-04-2022
by Archibong,Awesome product,Audio quality is amazing.,4,15-04-2022
i,I love it,"Good,solid product
Recommendable to all",5,15-04-2022
vester,I don't like it,"It is having connection issues, sometimes one ear will connect without the order",2,15-04-2022
ammad Nazeer,I like it,The bass is the best part about,5,15-04-2022
ammed,I kind of like it,It hurts in the ear after a while.,4,15-04-2022
,Love it!,So far so good,4,15-04-2022
eem,good,Very nice,3,15-04-2022
OLU KEHINDE,My second order,Perfect for the price,4,15-04-2022
ah Gabriel,Not happy,"One of the airpods stopped working in less than two weeks for no reason, felt like i wasted my money to purchase it.",2,14-04-2022
ith Yakubu,Expanding Bass Mode Earbuds,"The ear buds for the bass mode gradually expands due to heat. So, one with a stronger/a more heat resilient rubber is recommended",4,14-04-2022
be,tried,Very good for music but a strong no for gaming,4,13-04-2022
licent,My Oraimo pods,"tested and trusted. 
Trust me on this one????",5,12/4/2022
nkwo,I love this,This oraimo is too good ????,5,12/4/2022
nkorode,oraimo freepod 3,It's very nice...,4,12/4/2022
chukwu Olamma,I love it and the bass is great,It’s just perfect.,5,12/4/2022
keze,the sound,Amazing product ✅✅✅✅????✅✅????✅????✅????✅????✅????✅????✅✅????✅????✅,5,12/4/2022
ail,very nice,It was really nice,4,12/4/2022
KZ,quality,The freepod is very strong all rounder,5,11/4/2022
ry,I love it,Awesomely great ???? ???? ???? ????,5,11/4/2022
uedefe Ategbe Enorense,I like it.,"This is exactly how it is.
Waooooh",5,11/4/2022
mikun,Real quality bass !!! I love it,Very good and comfortable to use,5,11/4/2022
AL-RABANA,perfect,"Long lasting battery, with smooth sound",5,11/4/2022
wale,its ok,The mouth piece is not that good,3,11/4/2022
id nelson,Nice,The best,5,11/4/2022
,Worth it,"For its price, it is worth it",5,11/4/2022
ow,Like it,Very cool product,5,11/4/2022
ola,song,The next song tripple clicking does not work more than 3 times at a strech. Would like to work more than 3 times,4,10/4/2022
anuel,Nice,I like it,4,10/4/2022
iah,I really love it,"Just what I needed from earbud, good battery, great bass and its comfortable to the ear",5,10/4/2022
raro,It is amazing,I got it exactly a week from when I ordered it and it is even more better than advertised,5,8/4/2022
nyen Joshua,Great,it’s nice. long lasting battery,5,8/4/2022
mood Abba Tauhid,Love you!,"Sound quality, perfect. Noise cancelation works perfectly",4,8/4/2022
ns,I like it,Very nice,5,8/4/2022
anie Emeka,Very good,"The pods are nice but after wearing for sometime, it’s painful.",4,7/4/2022
hmond Monday,Its cool and worth it,Awesome,5,7/4/2022
ekachukwu,I love it,"Omo, the sound mad gon",5,7/4/2022
gsley,Love it !,"Love everything about it, using it right now ????",5,7/4/2022
eb,oraimo freepod3,The unique sound,5,7/4/2022
nleye,Smooth with excellent bass,Enjoyed the bass,5,6/4/2022
id,good sound,Nice 1,4,6/4/2022
dra Obi,Low volume,The freepods are beautiful but the audio is so low. I feel cheated. I can barely hear music when I’m using it. Such a waste of money,1,6/4/2022
inyechi,Pod3,It works great,5,6/4/2022
ma,Great!,"It’s a good one trust me
Go for it",5,5/4/2022
in,Love ❤️ it,Love it ???? it’s the best,5,5/4/2022
L,oraimo,"It's very ok,the base nah wonderfu",5,5/4/2022
MU,Great for Music,Fits well and great listening experience,4,5/4/2022
tor,Dope,"It's really alryt 
The battery life is superb and it's good for calls 
All in all 
It has a good value for money",4,5/4/2022
eph,ABSOLUTELY WORTH IT,"Loud, solid bass, refined sound, call clarity. You get the value worth. I recommend it.",5,4/4/2022
lekan Bakare,Got value for my money,Perfect,5,4/4/2022
OTHY TAHIR,Mr.,"I must say it is as advertised. My only problem with it is the lack of volume control on the buds, but it’s not that much of a deal breaker. I can recommend ????",5,4/4/2022
hael,Everything is great,"Nice Bass, Long Battery Life, Doesn't fall off the ear, good noise cancellation and great for calling",5,4/4/2022
pson,Great Sound Quality,Good bass and nice sound quality,5,4/4/2022
inioluwa,I love it,"I'm really enjoying the battery life,sound quality and comfort in the ear. Better than I expected.",5,4/4/2022
BOWALE,I love it,Sound is too good,4,4/4/2022
 Nmabiwe,The best,Perfect!!!,5,4/4/2022
y Vic,Just as advertised!,"You might find the battery a lil short of what's in the instruction manual but nevertheless lasts you more than a day. 
Otherwise it's all good a great value for your money!",4,4/4/2022
si,A bang for your bucks!,"For the price it goes, its definitely worth every kobo and more.",5,4/4/2022
hary,the best,Oraimo always the best product ever,5,4/4/2022
nley,I like it,"Excellente!!!
So perfect with long lasting battery life",5,4/4/2022
di,great bass and noice cancelling,Great product,5,4/4/2022
alis,Pod3,Is cool,5,4/4/2022
ai,awesome,Highly recommended ❤️,5,4/4/2022
,I like it,Nice product,5,1/4/2022
t,The play is a reveal,"Nice jam..
More balance ☺",5,1/4/2022
AN Adesegun Onibon,cool,The product is perfectly okay,5,1/4/2022
anuel,Excellent product,Love everything about it,5,1/4/2022
anuel,I like it,Worth the price. Good sound better battery life,4,1/4/2022
phen,Great product,Works very well and it last long,5,31-03-2022
ve,good product,sounds good. clear calls and long lasting. its also durable,5,31-03-2022
yann Iye,Great,I love it,5,30-03-2022
ex,Rating,It's Okay.,4,30-03-2022
ANBOLA,Good,Been using it for two months now.,4,30-03-2022
i,Great Product with issues,"On full charge the battery last a little lower than 5 hours compared to the 8 hours that was described. 
One ear stopped working after 1 month. Average product to me, I think this product is not meant for daily usage",2,30-03-2022
ideen,oraimo,Works well,4,30-03-2022
nlola,good sound,Nice sounds,5,30-03-2022
eef,good,Good for the money,4,29-03-2022
ry,Legit,It's cool Nd real,4,29-03-2022
amed,It's nice,Good packing,5,29-03-2022
chi Precious,Perfect,Perfect,5,29-03-2022
A,I like it,Good product,5,29-03-2022
lian,I like it,Its bass is superb,5,29-03-2022
UMBUS,Amazing,Nice sound....,5,28-03-2022
agbu,So sweet,I got exactly what I ordered,5,28-03-2022
emiah,Lovely n is good,Is ok I love it,5,28-03-2022
leye Obuzor,It’s awesome,"Sound quality is as good as advertised although I would prefer if they finally created an app and also tried ambience 
It would take it to another level 
Aside that it’s a very good choice for music lovers",5,28-03-2022
ni,service,Service was quick,5,28-03-2022
dera,pleasant,The effectiveness,5,28-03-2022
wafemi,power,Long lasting battery,5,28-03-2022
mi,I like it,I'm loving it,5,28-03-2022
jioke,Good,Good……..,5,28-03-2022
xander,amazing,The sound is magical ✨,5,28-03-2022
unonengiofori,I like it,It's alright,5,28-03-2022
liposat,YES,"Good sound, but doesn't sit well in the ear, always falling us and the battery life isn't so strong",3,28-03-2022
wu,is working fine,Very good product,3,28-03-2022
ven Agabi,It’s aii,It’s alright for the price,4,28-03-2022
in,It’s great,Really good for the price.,4,28-03-2022
win,improve more,Improve,3,28-03-2022
 Daniel,Online lag,"It lags sometimes when watching online videos or streaming music online but catches up anyway. Everything that is said about the free pods-3 2Baba Edition is true, it actually lasts more than 8 hours. The bass is good, and amazing when watching movies-its like you are in a cinema ????. Thanks Oraimo.",4,28-03-2022
inro Babatunde ( BobbyKesh),Perfect Product But Has A Little Flaw,"Everything about this freepods is great like the bass,connectivity and the battery life.The only Issue with this product is that it causes pain in the ear when used for a long time but if not for this i would have rated it 5 Star ???????????????????? perhaps they should try to tend to this issue because it's the only flaw in this great product",4,28-03-2022
rick,I like it,It very good,5,27-03-2022
dipo Taiwo,Great Buds,The bass is freakn nice and the battery span is amazing.,5,26-03-2022
head,Very comfortable!,"These pods are sooooo comfortable, in both bass and awareness modes. The sound is awesome! And the battery life is amazing!",5,25-03-2022
nni,Good,It’s very nice,5,25-03-2022
nobong,Perfect sound,Its amazing. The sound is perfect!,5,25-03-2022
bert Ayokunle,A1,The Bass is on point. The battery is dope... nice one Oraimo,5,25-03-2022
,I like it,Very good for the price!,4,25-03-2022
IKE,I love it,"The sound is filtered and the bass is superb, the battery last very well too... Worth the price",4,25-03-2022
anuel,Terrible Mic,The mic doesn't work as advertised at all... You literally have to be screaming before the mic catches what you're saying,2,25-03-2022
wale,Mixed,"sound quality is nice
Battery. Very good
Bass is solid
But
One ear eventually stop working to a point where u can't use both ears st d same time....Oraimo should improve on this...",3,23-03-2022
u,must purchase item,In one word just go for it,5,23-03-2022
SANYA OLUWAMAYOWA GABRIEL,Oraimo❤️,I love it,5,22-03-2022
rence,I Iike it,The bass is top notch and it is durable,4,22-03-2022
nedum,its really good,It's oraimo,4,22-03-2022
sa,bass,The Bass,5,22-03-2022
ITOPE,Nice,"It is excellent for music, not too bad for phone calls but extremely poor when used for WhatsApp and zoom meetings, even with a particularly good internet connection.",3,22-03-2022
vin,sound quality not what i expected tbh,Improve the  distance quality on voice calls,4,22-03-2022
els Immanuel,Love it,"Sound quality, battery life... I just love this product",5,22-03-2022
ards,It is a good eatbud,"Yes it could be better these are things I would complain about
1 The touch is not so responsive
2 The Ear tips easily come off
3 After a while the buds feel uncomfortable on the ears because of a little pain in the outer ear 
When it comes to sound the Bass is Superb and it connects perfectly , Battery life is good have never exhausted it .",3,21-03-2022
her,Satisfactory but could be better,Extend the duration of connection with device,3,21-03-2022
chukwu,Love it,4 stars cos it could have been better.,4,21-03-2022
nel,i like it,good quality. I love it,5,21-03-2022
ilola,Oraimo pod is lovely,Best Ear Pod I have used so far,5,21-03-2022
kwudubem,I like it,Everything about the freepod 3 is just so perfect...the way the muffs fits to the ear is completely perfect..the sound effects especially the bass is perfect..And pods last very well.. Everything is just so perfect..,5,21-03-2022
tayo,Fantastic product!,"I love it, very nice bass, good connectivity and lasting battery... Very sensitive touch sensor, almost too sensitive sef????",5,21-03-2022
chukwu,I love it,It's superb,5,18-03-2022
yjane,Oraimo,Awesome experience so far.,5,18-03-2022
nobong,Sleek and Perfect Sound Quality,In love how smooth and comfortable they feel. The sound is great too,5,18-03-2022
elord,Nice,It's cool,5,18-03-2022
n,Bass and quality,The earpods are super amazing with bass and great quality,5,18-03-2022
for benjamin,Its perfect,Its perfect,5,18-03-2022
da,Great product,Great product.,5,17-03-2022
dozie,nice,the sound is good and the battery is fire,5,17-03-2022
ncess,I like it,Good quality,4,17-03-2022
ammad,I like it,Great bass,5,17-03-2022
id,freepods3,It works beautifully ????????????,5,16-03-2022
salewa Adefemi,Review,It’s perfect,5,16-03-2022
anuel,the afrobeat sound is great,It's a cool and sleek product,5,16-03-2022
,perfect,I love the product,5,15-03-2022
EPH NKWOCHA,Re:,"It’s really good for the prize. Battery last long, quality is good, sound is good.",4,15-03-2022
le,I love it,"I totally love this. The sound is so clear, it's like a mini speaker in your head. 
Its worth the price.",5,15-03-2022
echi,Awesome!!!!!,"As a producer, I am very critical of sound quality. These earbuds are really awesome. Providing quality bass at all levels",5,15-03-2022
uf Shoneye,It’s really nice,The sound can still be better,4,14-03-2022
a,I love it,Works perfectly,4,14-03-2022
ght,I love it,Works perfectly,5,14-03-2022
i,Perfect,This one quality pass Airpod ❤❤❤,5,14-03-2022
ac Adariku,Awesome,"It's really cool, I use it for recording and it's nice how it remove noise",5,14-03-2022
WAMAYOWA,Nice,The fact its removes the surrounding noise and the Bass is Bam,5,14-03-2022
hua,Very good product,The best of all,5,11/3/2022
ndairo Adewale,Like is an understatement,"Its like me taking my home theater to work everyday, sooo cool, ear friendly, strong and battery life is dope. But we need a pouch for it, so we won't lose it.",5,11/3/2022
JOKO,I like it,The bass sound is Good.,5,11/3/2022
rinde Abiola,Best product,It a very nice product,5,11/3/2022
anuel garba,It’s very cool,Nice sound,4,11/3/2022
c,I like it,"Nice product, buds battery average. Sounds ok",4,11/3/2022
kwusom,Nice,"The awareness mode could be better, asides that, every other thing is ok.",5,10/3/2022
ng,good,Last long,5,10/3/2022
nola,Perfect,It's amazing and the battery last long,5,10/3/2022
migoke Gunny,Mr,I love it,5,10/3/2022
waseun Omale,It’s nice,Very nice bass and sound but it can’t come t to 2 devices at the same time,4,9/3/2022
echukwu,I like it,The sound is worth the price. In good and working fine.,5,9/3/2022
ntade,Didn't meet expectation,"Products is working fine , but it's always Itchy despite me trying multiple earbuds tips. Although the bass is great but the awareness mode is shit ( didn't expect it to be that worse)",3,9/3/2022
hua,Love it????????????????,So good and the noise cancellation feature is superb,5,9/3/2022
AMMAD NAFIU,Oraimo freepods-3,A longer USB cable would make it perfect,4,9/3/2022
edo,I love it,Works exactly ..  great battery life . Great sound .. very clear voice calls ... Best product ever ..  I love it,5,9/3/2022
hard Richard,Works well,"E clear , no wahala",5,8/3/2022
LO,Freepod 3,"Excessive bass, poor rubber tips... The rubber tips easily falls off from the ear",2,8/3/2022
mide,On point,I love the bass,5,8/3/2022
cious Dickson,Good,I love it,5,8/3/2022
cess,its good,"It's noise cancellation is ok. At first it pairs two different phones but once you are able to pick a call with one, the other will never reconnect again. When properly inserted is not painful to the ear.
Overall it's good but couldn't ascertain how many days it's  last because i charge it at any given 
Opportunity of electricity because of the country we live in",3,8/3/2022
AHIM aliyu farinwata,is well played,"There's no volume on the device 







That's good device",3,8/3/2022
n,It’s alright,"Rubber buds become very loose and keep shaking or removing from pods, mic quality isn’t great on calls",3,8/3/2022
m,A lovely device,This is a nice device to have. Works perfectly and the sound quality is great.,5,7/3/2022
n ikponmwosa,love it,"It's pretty cool, noise consolation needs to be better",5,7/3/2022
i,If you want it then just get it,It is mine,5,7/3/2022
tubosun keshinro,Really good,It’s a really good device but I miss placed it 3 weeks after purchase.,5,7/3/2022
LEYE,Cool,Nice device but there is room for improvement,5,7/3/2022
ANUEL EGBOOCHA,Ear sensor,It could be better if it has ear sensor,4,7/3/2022
OLA TESLIM,Good,Yes beautiful,5,6/3/2022
awole Mosunmola,Nice,Working perfectly,4,4/3/2022
ulQudus,Great device! Wish there’s replacement parts,It’s a really awesome device. I enjoyed the use until I lost the case. Very optimal design and experience.,5,4/3/2022
entine,i like it,The product is of good quality,5,4/3/2022
on Dubre,Oraimo AirPods,It’s wonderful,5,4/3/2022
,lovely,So nice ????,5,3/3/2022
ry,I like it,The sound is amazing and very good battery life too,5,2/3/2022
ny,it's okay,It's okay for the price range,4,2/3/2022
nedu,I love it,Perfect bass,5,1/3/2022
OYE,Good product,"Just buy, period.",5,1/3/2022
hael,Perfect,Love it bass hit hard ????,5,28-02-2022
oluwa,i like the product,Delivers great quality sound,5,28-02-2022
m Francis,Very good so far.,Reduce the price again ????,5,28-02-2022
will,I like it,I love the Odaimo freepod 3. It's worth the price.,5,28-02-2022
eiman,I like it,"It is an authentic product just as described on jumia.
I scanned the barcode and it confirmed it.",5,28-02-2022
anah,i really love it,"It's so perfect, and full with bass",5,28-02-2022
osa,Review,The sound,5,28-02-2022
GOKE,9.5/10,"9.5/10
Pure sound, durable battery life, however 
The rubber cover hurts my ear",5,28-02-2022
,The left ear isn’t working,The left ear isn’t working,2,28-02-2022
wale Olatunji,Not satisfactory,The left ear always drop off and the sound production is low,2,28-02-2022
ARE,I love it,Packaging is Wow,5,27-02-2022
ARE,Love it,My wife loves it,5,27-02-2022
watimilehin,I like it,It is exactly what is in the description and works well,4,25-02-2022
LAHAN,Good,"Compared to its predecessor, its sound quality and sound authenticity is quite good and budget friendly",4,24-02-2022
ido,Great product for the money,"Maybe by actually putting in tips of different sizes and fits, it would be more comfortable, especially to wear for longer periods of time. Other than that, it sounds dope and the quality is superb for the price, the battery last long too, I’d recommend it to anyone who’s looking for a fair price on a great pair of EarPods.",5,24-02-2022
swin,Great sound,Just reduce the latency and every mobile gamer will want to go for this… still not bad for gaming tho and the bass while listening to music is Jbl rated????????,5,24-02-2022
io OG,best budget earbuds rn,Its perfect,5,24-02-2022
EZ,Oraimo freepods-3,"Very light weight,Ear friendly, sound filteres & long last battery",4,24-02-2022
enna Kingsley,Mr,"It is good, but I am experiencing little malfunction with the right Earbuds, it disconnects by itself most times",5,24-02-2022
id Ovuakporie,The freepods 3,It’s really nice,5,24-02-2022
hael,I like it,It has a good production but there are times the called party doesn't hear me and the pod easily falls from the ear.,4,23-02-2022
l,on point,Device serves its purpose extensively,5,23-02-2022
orah Samuel,Oraimo free pods3,It’s wonderful and the battery lasts. It’s just that I had to remove the buds before it fit into my ears. It’s amazing,5,23-02-2022
im,Very good,Very excellent,5,23-02-2022
EON,The full package,Perfect as reviewed,5,23-02-2022
AHIM,Excellent product,The quality exceeded my expectations. Fanstastic product,5,23-02-2022
anuel,Oraimo,"Product's great... Been using for a while
Good sounding",5,23-02-2022
so,Already having issue,The free pods are appearing as two different blue tooth devices because of this I can only use one pod at a time.,3,22-02-2022
hi,I like it!,"The sound quality is great, especially the bass. 
The sleekness and how it perfectly fits my small ear makes it endearing to me.",5,22-02-2022
 A,I LIKE IT.,GREAT! I LIKE IT AND ITS TIMELY ARRIVAL.,5,22-02-2022
ine calix Udo-Udofia,Good,"????????
Good",5,22-02-2022
ina Nse,oriamo freepods,Madt o.. the best so far.. see vibes nau,5,22-02-2022
anuel,Ear pods,Very nice,4,22-02-2022
CIOUS,Good,For some reason I can't make calls with it again even tho the mic is still good because I play games and can record vn with it,4,22-02-2022
ati Japhet,I like it,I like it. But there’s room for improvement. A way of increasing and reducing volume should be added. Thank you,4,22-02-2022
dad,nice,Pretty nice,5,21-02-2022
rick,excellent,The sound,5,21-02-2022
omon,Excellent Product,Love everything about this pod. Bass is exceptionally superb and sound crystal clear.,5,21-02-2022
iyah,I love it,"Very comfortable, easy to pair and the bass is awesome.",5,21-02-2022
in Ogbu,i like it,Is nice an ok,5,21-02-2022
our,I like it,Great sound!,5,21-02-2022
nze,Nice,Good product.,5,21-02-2022
ii,Fix them rubbers,"The rubbers are too big for my ears and I’m using the smallest ones, asides that the quality is really good",3,21-02-2022
swill Ugbiedah,Free pods 3,I looooove it so much it’s ????,5,18-02-2022
ry,I love it,It was everything I expected,4,18-02-2022
omon,Best Airpod,"Oraimo did a very good job here. i can make calls, listen to quality sounds with ease. battery lasts longer too",5,18-02-2022
dinho,perfecto,I love it,5,18-02-2022
mzi,I love them,"definitely worth it for the price, the sound is amazing and better than I expected!!",5,17-02-2022
HONY,failed connection,The Bluetooth connection is not strong,5,17-02-2022
ke,I like it,Quality,5,17-02-2022
HORO,Good Bass!,Works as advertized.,4,16-02-2022
to,It's very good,The bass is on point. The beat is rich. It's the best I have used at that price point.,5,15-02-2022
NEKAN,araimo 2baba,Improve on the sound,4,15-02-2022
e,Still under observation,Fantastic so far,4,15-02-2022
et,Nice,"I like it though I haven't been able to use the option that selects ""Next song"".",4,15-02-2022
nky,I like it,Quality Product,4,14-02-2022
rley,lovely,"The base is really nice, it's an improvement of freepod 2",4,14-02-2022
son,It's perfect,I recommend this to anyone. Battery lasts long. Sound quality is great. It is definitely worth it so far,5,14-02-2022
anyi Chukwueke,Oraimo,Great and durable,5,14-02-2022
UEL,sound,It's nice great sound long lasting when charge but improve on the color ???? maybe like white etc,5,14-02-2022
kparo,its a nice product,I love the sound... I guess this is the first time I'm buying something from Jumia and I feel satisfied with it.,5,14-02-2022
itope,Power,Long lasting power,5,14-02-2022
an J,I like it,It's works great as expected. But it pains my ear when i use it for long.,5,14-02-2022
TUS,superb,Very nice.... And good sound quality,5,14-02-2022
tor,improvement on the connection,i love it but the connection is shaky when my phone is inside my pocket  it disconnects sometimes for no reason,3,14-02-2022
ul fatah,I like jumia,"Is very nice
Product oraimo",3,14-02-2022
iah,awesome,Everything bam!,5,11/2/2022
MIPO,I love it,I got exactly what I ordered. The sound is on point.,5,11/2/2022
igboye,good one,Because it very good sounds and bass,5,11/2/2022
itan Banty,Never charged full since purchase,I’ve been charging it since the day I bought it and it’s never fully charged,4,11/2/2022
ma,I like it,"It's good, long lasting,  good sound quality and bass, but the two sides no longer connect together on Bluetooth again. It only connects one ear.",4,10/2/2022
y,Works well,Product is just as advertised,5,10/2/2022
roghene,Amazing product,"Awesome product, quality sound",5,10/2/2022
ghoye,Excellent product and output,Battery longevity,5,10/2/2022
eiman,stereo freepods-3,Parfect,5,10/2/2022
ny,Sound,Good and nice,4,9/2/2022
N.,Voice calls are not great,ound quality is great. But the complaints about people not hearing you is accurate.  Don’t ignore it. However i think the fox is that both airs have to be out and you have to speak loudly:land clearly,4,9/2/2022
DOKUN,Perfectly ok,The Oaimo is perfectly good,5,9/2/2022
NIRAN,I like it,Very nice,5,8/2/2022
gie,Love it,The basssss,5,8/2/2022
bakar Hamza,Mr,This is good.,5,8/2/2022
nna,the sound,The Sound is Amazing,5,8/2/2022
lo,works well,"It's just fine ,apart from lasting long nothing special about it",4,8/2/2022
AHIM,I love it.,I like it.,5,8/2/2022
her Morris,Earbud,"You could make it more comfy to stop falling off, Bt the sound is very nice and it’s worth the purchase",4,7/2/2022
lip,Great Sound!,"The sound is amazing, andthe packaging is perfect however, the case is weak and not durable.",4,7/2/2022
r,it is very nice and good,The sound is very okay,5,7/2/2022
zi Etumnu,Good,No complaints,5,7/2/2022
nley,the sound and battery,Very okay ????,5,7/2/2022
,oraimo earpod,I like the earpod so much. It is really loud and sounds well,5,7/2/2022
chukwu,perfect,Satisfactory,5,7/2/2022
y,excellent experience,Awesome ????,5,7/2/2022
med,Exceed expectations,This is definitely what I ordered and more!,5,7/2/2022
ad,I like it,Very fast Bluetooth pairing and has a very clear sound with a long battery life but after the red line volume people can start hearing with you and it is a bit uncomfy for your ears since it is a little big for your ears opening (depends on my personal experience),3,7/2/2022
é Ago,Latency,"Didn’t expect a BT 5.3 device to have so much latency, the latency terrible in mobile games",3,7/2/2022
SEYI OGUNJOBI,Falls off from the ear holes easily,It doesn’t stay in my ear.. falls off with every opportunity,3,7/2/2022
rika Ebuka,The Audio,It’s great with Android and not so great with iPhones,5,7/2/2022
mander Ray,Nice,The sound quality is really good for that price range,5,5/2/2022
boro,A bit of like,One of the ear pod is not working,3,4/2/2022
IQ OPEYEMI,I love it,Good product,5,4/2/2022
rick,free pods 3,The bass,3,4/2/2022
hael Uduji,Best ear pods ever......,It’s everything I expected and more.,5,3/2/2022
ry Ovoke,No issues,"Products is 100% ok and perfect,i  don’t see any faults but you can work on the design on next edition",5,3/2/2022
ebi Olunwa,It’s great,It’s perfect,5,3/2/2022
adina,Love it. Great sound,Great device,4,3/2/2022
HUKWU TOCHUKWU,Perfect,I love it,5,3/2/2022
AWOLE,FreePods 3,I love it!,5,3/2/2022
LINS,perfect,Earpods is as expected. Works fine,5,3/2/2022
ammad,fast,perfect,5,3/2/2022
HEAL,very cool,Perfect,4,3/2/2022
hua,I love it,An item everyone must have. It's just too good for the price. It's a bang????????,4,3/2/2022
aiman Emmanuel,So perfect,I friend of mine said I should order for him also,5,2/2/2022
TOR ESSIET,I love it,Bass is super and the ENC is top notch,5,2/2/2022
i,The battery life,The battery life last really long than expected and the sound is perfect,5,2/2/2022
uliar Kalu,Awesome,Awesome product ; especially for music,5,2/2/2022
er,Quality,"Product is as described in the picture. I recommend seller, only a little delay in delivery.",5,2/2/2022
xander Ehi,Pharm,Great product,5,2/2/2022
eka,Awesome buy,I love it,5,2/2/2022
O,I like it,The sound quality is unbelievable…but I don’t know why both hear stop working at the same time,4,2/2/2022
ncewill,Good product. Packaging is perfect,"The product is satisfactory.
Well packaged.",4,2/2/2022
YU,Excellent,Perfect fit,5,1/2/2022
,Great,It's worth it,5,1/2/2022
es Nj,Soft ear buds = bae,"I love the soft tips, and the base is MAD. At least compared to the last version",5,1/2/2022
s Ibrahim,Good product,Works as expected.,5,1/2/2022
th,oraimo freepods 3,Wonderful products,5,31-01-2022
wan Olasunkanmi,Great,"It’s really nice 
I got what I wanted",5,31-01-2022
heal Emmanuel,It do lovely and nice sounds,It so lovely and nice sounds,4,31-01-2022
yori,Improve Oraimo,Let it have a hook to avoid fall off one's ear.,4,31-01-2022
ah,perfect,Good sound,4,31-01-2022
OSKY,Free pods 3,The Item is Good.,4,31-01-2022
MA,Okay,It is okay although they can improve the call picking sensitivity as I had to keep tapping twice intermittently before it picks call. Also the requirement to always put the pod into the charging casing in order to reconnect after disconnection is not friendly at all.,4,31-01-2022
ye Valentine,Quality pods,Perfecto and has quality sound,5,31-01-2022
tor Onumaegbu,Good,"Good quality, crisp sound, great bass",5,31-01-2022
uf,Pains,"Sound good
Bass good
Call good
Battery good
Comfortable Very bad

But too much pains in my ear, not even upto 10mins stay. The pain is just too much.",3,31-01-2022
nsi,Excellent product,Clear sound quality with great bass. Good battery life. Sensitive audio during calls....no need to shout before being heard from the other end. Certainly worth the price ???? ????,5,31-01-2022
uel,Bass is crazy,This earbud is very nice and the bass is superb. Cant actually use the full volume cause of my health and safety. The only issue is I would have preferred it a little smaller in size coz I still feel a little pain after some hours,5,31-01-2022
anuel,perfect,"When i saw the 8 hours music play time, i was initially thinking it was a hype but now that I'm using it, i can conclude that the 8 hrs is an understatement. The bass is also incredible.",5,28-01-2022
othy,Review,I like it,5,28-01-2022
k,sound quality,Quality sound. Matches it's price,5,27-01-2022
ID,Great sound,"It has a good sound, deep bass",5,27-01-2022
mat,fantastic product,"Maybe it's because this is my first, but am loving it.",5,27-01-2022
cious,I love it,I love it but just that my ear pains me if the ear piece stays long apart from that I love it,5,27-01-2022
ferson,i like it,its good,5,27-01-2022
a Omagbemi,Good,Good product,4,27-01-2022
e,Good Product,"Blocks out sound, doesn't let my ear breath but other than that, it's a great buy",4,27-01-2022
ES,Not worth it.,"With the way this was advertised you’d think It would at least meet half the features. 

Extremely uncomfortable to wear longer than 30mins

Zero bass unless you smush it all the way into you ears and endure pain

Randomly disconnects 

The only good thing going for this is it’s battery life. 

I do not recommend!
Touch control doesn’t work as it should.",1,26-01-2022
niran,poor microphone,"Nice base, and very good for music, but the microphone is very poor. There's a need for improve on that",2,26-01-2022
omoke,I like it,Very cool,4,26-01-2022
diebere,oraimo Freepods3,Is beautiful n sound,4,26-01-2022
a,Excellent,Very Nice.,5,26-01-2022
e,Perfecto,Lovely bass. The very best earbuds,5,26-01-2022
infoluwa,It's amazing!,"I love the bass and the long-lasting battery. Though it falls off the ear sometimes, nevertheless it still has a firm stand if fixed properly in the year",5,26-01-2022
a,I like it,Very nice and perfect,5,26-01-2022
iloluwa,opor????????????,The sound production is perfect,5,25-01-2022
,Easy to use,The battery lasts all day. Amazing sound. I recommend,5,25-01-2022
NSON,I love it,Very Quality and I get the value for my money.,5,25-01-2022
eph Pascal,"Stability, Connection Strength and Mic Efficiency",Left ear doesn't fit with tendency to fall off while running and within less than a meter it starts to make crackling sounds due to connectivity. Even when charged. Mic picks up surrounding noise and I would still have to raise my voice before I can be completely heard on the other end of the line. It's just aesthetically fancy and averagely works.,2,25-01-2022
an,AMAZING!,The sound is simply out of the world. So impressed with Oraimo on the Freepods 3. Still in doubt? A Trial would convince you.,5,25-01-2022
nga,I Love The EarPod...,This is one of the best delivery I've gotten in terms of durability,4,25-01-2022
TO,Easy and convenient,Easy and convenient,5,25-01-2022
ullahi,Oraimo FreePods,The bass mode is mad,5,24-01-2022
ghan,Excellent delivery,Recommendable,5,24-01-2022
sica,I love it,It’s exactly what I ordered,5,24-01-2022
ola,Good buy,"It's very okay for the price, sound is good",5,24-01-2022
RGE SADOH,Battery,Increase the battery life dats all,5,24-01-2022
,I like it,Good product,5,24-01-2022
wale,It is Awesome!!,They are great! and the sound? the sound is maad!! it is worth every penny. It also lasts long too asper when its out of the case you can use it for almost a whole day without putting it in the case to charge,5,24-01-2022
USSALAMI,I like it,Good product,5,24-01-2022
dy Wilem,Oraimo Pod3,I love it,5,24-01-2022
ENIM,Doing greatly,Been good all round,5,24-01-2022
ssing,I really like it!,It's so comfortable and audio is very clear.,5,24-01-2022
chukwu,good,Very good,5,24-01-2022
,Good,Perfect,5,24-01-2022
emi Adebayo,As it should be,It nice and okay,5,24-01-2022
swill,perfecto,Perfecto,5,24-01-2022
anuella Orevaoghene,quality,Try making the buds more comfortable.,4,24-01-2022
dom,I like it,It's okay,4,24-01-2022
DAY CHEIS,Good,Okay to use,4,21-01-2022
or,I like it,Good purchase,4,21-01-2022
e,Nice buy,"The sound is really good, though the microphone still needs improvement",4,21-01-2022
runtobi,Good product,Good product,4,21-01-2022
imi,Perfect,"Highly recommended, super bass, battery last longer than I expected, very comfy for my ears, best call experience so far with it ... The best one out there yet",5,21-01-2022
 Edwin,Worth buying,The pods are a bit loose,5,21-01-2022
liams,Amazing,"The sound output is super amazing, it last long and charges 0% - 100% pretty damn fast.",5,21-01-2022
l,Nice,It came in fast and it's working well.,5,21-01-2022
tor,I like it...,"The delivery was fast, it was well packaged and the sound quality and battery life is a blast...",5,20-01-2022
hael,Top notch earbuds.,Fantastic battery life. Amazing sound quality,5,20-01-2022
k Sunday,Really loved it,It was very nice,5,20-01-2022
ise_Oyeniyi,Perfect,I love everything about it,5,20-01-2022
maimi,great,The battery lasts very long. Third day and I haven't charged.,5,20-01-2022
edicta,freepod,The sound is so cool,5,20-01-2022
dom,perfect,Everything,5,20-01-2022
EER,Awesome product,"I love the battery life and sound quality are both top-notch.
The only reservation I have on the product is that its a bit uncomfortable on the ears after prolong usage.",4,20-01-2022
iya Tumba,Is a good quality,Perfect,5,19-01-2022
i,I like it,Its user friendly,5,19-01-2022
ert,the delivery was ok,Yes it can be better,3,19-01-2022
nda,"Excellent, Love it.","I love oraimo products. They are excellent for cheap. The freepods 3 is the best AirPods I ever used including the more expensive one. The design including the packaging is so grand, beautiful and sleek. I fell in love with the sound the first day I put it on and I can say I don’t regret the money and my patience in waiting for it to be delivered. However, I find it very difficult to wear it for long as it is really painful to my ears. 
Apart from that I give it a five stars. 
Thank you oraimo for these wonderful products.",4,19-01-2022
ISTABELLA Odega,Nice,It’s portable and easy to use,5,19-01-2022
uwaji Victor,I love it,Works just fine. They have must thought to correcting mistake touch. All they need to do is to improve the microphone range,5,19-01-2022
ka Chimezie Collins,I like it,Magnificent,5,19-01-2022
EEZ,Good product,"I've read and watched videos on this product, and I got exactly what I expected.
As a budget accessory, it's worth it",5,19-01-2022
ahim,I love it,Wonderful and fantastic product affordable and modernized,5,19-01-2022
DIMEJI,Recommend,"It serves the purpose 100%. 
I am mostly on the road so I needed a device which I need to charge just once a day n with crystal clear calls. Orimo gave me that at a very good price. Its worth every penny!!!",5,19-01-2022
G GAIUS,Soundgasm ❤️,Very cool sound and good battery life. My only problem with this product is how the black flap keeps plucking in my ears each time I take thee earpods off.,5,19-01-2022
ma,Lovely. I’d recommend it for everyone,Brings out every sound,4,18-01-2022
JAY OSOKO,Not good enough!,Works well with music but keeps cracking and breaking on phone calls. Not a great product despite having a great brand ambassador.,2,18-01-2022
nfolarin Isaac,Too sensitive,"Would have given it a five stars but it’s too sensitive in the sense that little touches makes it change music or pause song. The music playing can also be heard from surrounding people. Except all these, it’s perfect",3,18-01-2022
oluwa,about the product,Nice product,4,18-01-2022
yekwu Francis,Good,Sharp  piece,5,18-01-2022
Switch,I like it,This product is beyond my expectations. This is world class mehn. Big Ups ORAIMO !!!,5,18-01-2022
red,"A week review "" PERFECT ""","Okay...I'll give it a 5 stars
A week after receiving my Oraimo freepod 3.. I've had no reason to worry....long lasting battery, bass quality top notch.... Fits perfectly in my ears without any sort of pain...doesn't fall off...no regrets spending 13k+ on this",5,18-01-2022
uel,awesome bass,Very nice and cool product,5,18-01-2022
ST,Oraimo free pods 3,It's looks really good and feels really premium. Worth it.,5,18-01-2022
onke,Great product,Worth it,5,17-01-2022
dinand Egbeji,Oraimo Freepod 3,I love the sound quality and Battery life,5,17-01-2022
HAEL ADEBAYO,I love it,My client love it and was very happy,5,17-01-2022
KWUNONSO,"Perfect, this is what I wanted from oraimo.","This cheaper and Original, Thanks Jumia",5,17-01-2022
oney,Great value for money,Good noice cancellation and loud.,5,17-01-2022
NLEY,freepod 3,Sound and design!!,5,17-01-2022
ison,I like it,I love it,5,17-01-2022
tory.,I can actually hear the difference!.,From the advert I heard on the radio my calls are supposed to be muted to sound around me. But the noise cancellation feature applies to when I'm listening to music only. Maybe I just need to keep exploring. Nonetheless it's perfect.,5,17-01-2022
 SPEAR,NEEDS IMPROVEMENT,"It has some type of distortion when making calls, needs to be worked on ASAP. Everyone complains they can’t hear from my end, very low",3,17-01-2022
watobiloba,I like it,Practically not a good fit for small ears but the sound is great and it's got a nice bass.,5,17-01-2022
eem,very sounds n clear,Very sounds n clear,5,17-01-2022
SON,Awesome product,"Charged since it was delivered on Wednesday.
Fantastic sound experience.
A worthy buy",5,17-01-2022
watobi,"I like it,just as described","It's durable,battery and bass is top notch, highly recommended.",5,17-01-2022
dra,Product is amazing,"the item is very good. The packaging already gives it this premium look, the bass is mad and the sound quality both on calls and music is very superb. the earphones itself has a very good battery life but the fingerprint function isnt working well, so its difficult to pause and control music from the earphones. you also cant turn it off and on with the earphones so if it automatically turns off when not in use. you have to put it back in the case and take it out again for it to turn on. pls improve on this",4,17-01-2022
hael Ofomata,Overview,The battery is the best I’ve ever seen for Bluetooth AirPods…but it sometimes comes off my ear multiple times due to it being a bit too big and they’re no pouches anywhere ????,4,17-01-2022
gsley,I like it,Very ok,4,17-01-2022
tor,Still cheap,"The case is unreasonably light, but sound quality is actually good. Don't be deceived by the noise canceling feature it is actually just using the pods with the rubber tips. The bass isn't bad in any way.. They are actually comfortable to wear.",4,17-01-2022
ms,Really nice bass,So far so good I'm happy with them,4,17-01-2022
ka,I like it,Well its good and all even the bass is great but I'm yet to find out why whenever I turn on the hotspot the music tend to crack and this happens to all oriamo product generally,5,17-01-2022
win Ikedichukwu,I love it,I love it,4,16-01-2022
ai,Wrong product!,"What was advertised was FreePods-3. I ordered it and it was wrapped in a way I couldn't see the exact product. 
So I took it home only to go and meet FreePods-2.",1,14-01-2022
del,Needs work,People can hardly hear me when I'm making calls with it.. I always have to shout,3,14-01-2022
,Good,Really nice,4,14-01-2022
HAEL ADELANA ADESOLA,The best of the best…,"The bass is awesome, the battery life is wonderful.
Oraimo is always the best…",5,14-01-2022
nce,Excellent,"It is cool...
Perfectly fits your eardrums with a long lasting battery.",5,14-01-2022
iour,I looveee it!,"The Quality, great. The duration, splendid.
It's a money well spent.
Again, I love it",5,14-01-2022
uen,On Point!!,"Simply the baddest, Coolest, tightest earbuds I have ever used.
Sound clarity with just the level of bass is next to none... So long as I have experienced it",5,14-01-2022
DOLA,Good product,"I like it, sound production perfect ????",5,14-01-2022
nymous,Great,Great. No complaints so far,5,14-01-2022
is,Weak batteries,It wasn't up to one month after I bought them sef and the battery of the right bud is dead so I can only use one now.,2,14-01-2022
nx,I love it. It's superb,Long lasting battery capacity,5,13-01-2022
nmola,It’s very good just as advertised,Good product,5,13-01-2022
ma,Fantastic,Good buy,5,13-01-2022
ry,Perfect,The Base System,5,13-01-2022
as,the design is top notch,Oraimo free pod 3 is dope,5,13-01-2022
bodun,Perfect,Just perfect!!!,3,13-01-2022
a,sound,"Awesome sound,perfect fit",4,12/1/2022
wafemi,I LIKE IT,NICE SOUND,4,12/1/2022
,I like it,Works perfectly,5,12/1/2022
n,I like it,Very nice sound with instrument separation,5,11/1/2022
MIDE,Bass,The bass is superb,5,11/1/2022
,strong battery life and good sound quality,The sound quality is superb,5,11/1/2022
mjika,I like it,It lasts for long hours and the sound is perfect.,5,11/1/2022
ka,I love it,It is serving its purpose,5,11/1/2022
ALEWECHI,Nice Product,"Good sound, good connectivity. Only complaint may be wearing comfort",4,10/1/2022
TIN,just there,The sound and every thing is fine.. but I would recommend they produce a Free pod3 2.0 with reduced bud shape. You feel pain around the ear if worn for a long time and it doesn't stick to the ear.. it could easily fall off. My review though,3,10/1/2022
hua,Great sounding pods,"I love the sound it produces, I love that it goes really well with calls but the reason I'm not giving it 5 starts is solely for the inability to move to the next music in your playlist when playing songs.",5,10/1/2022
vin,perfect but rubber.keeps falling.off,Battery life,5,10/1/2022
IEL,i like it,Earpod sound very good with nice  bass.,5,10/1/2022
oma,Its ok,"Its ok, just that it keep falling out my ear",4,10/1/2022
INE,great product,Sound quality is great! Very impressive bass and sweet sound overall,5,10/1/2022
m Osinachi,It's efficient and soft on ears.,Sound quality,5,10/1/2022
nard,excellent,"The battery life is amazing, and the bass",5,10/1/2022
ssed,good,Very good,5,10/1/2022
leayo,pro 3,"The pro 3 is cool, nt heavy and the bass is wow with the ear bud",4,10/1/2022
n,I like,Good sound and good battery life,5,10/1/2022
day,every thing is good,I love it is long last battery,5,10/1/2022
,dont know,I was good,4,7/1/2022
drix Amadin,It’s great,It’s cool,5,7/1/2022
,beat on the go,Very very good,5,7/1/2022
uel,I love it,Just as advertised,5,7/1/2022
damiro,amazing product,u will enjoy,5,6/1/2022
h guy,Really good.,"Strong Battery, good sound quality. It’s underrated ????",5,6/1/2022
,nice,Nice order. Haven't experience any defect after some time now. Nice job,4,5/1/2022
our,it's good,It works well,4,5/1/2022
GARET,best,Best among the rest,5,5/1/2022
N,It's okay for now,Okay and no complaints yet,5,5/1/2022
zuterem,I love it,"This is a really nice product. The bass is crazy.
Worth every penny",5,5/1/2022
a,Love it,Very portable and great sound,5,5/1/2022
ARE,Its perfect,product exactly as described. Battery lasts longer than i imagined,5,4/1/2022
ni,It’s great exactly the way I expected,The product is so cool men damn!!!,5,4/1/2022
waseun,I love it,Satisfactory,5,4/1/2022
ULFATAI. A,Fantabulous,Awesome ????????????,5,4/1/2022
I,Great buy!,Great sound quality. High and low frequencies are well balanced here. Good battery life and good build for the price.,5,4/1/2022
tech,Superb,Was basically as described.... Good product,5,4/1/2022
DAYO,not suitable for small ears,Provision or improvement for smaller ears,2,4/1/2022
watobi,"Lovely Wireless Earphones, Improve Ergonomics","The earphone is a good one, but needs to be improved in design by the manufacturer to ensure it's a good fit for most and does not easily fall out, while the ear muffs are not too large and are a best fit too.
Overall, it's a fine.",4,4/1/2022
day Abimaje,Love this product ⭐️⭐️⭐️⭐️,"Just got my item yesterday 1 Jan 2022, have been checking it’s sound quality ever since up until now I have not been disappointed hence am loving the product. Thanks Oraimo for giving us value for our money.",4,4/1/2022
MAS,Fantastic,"I love it, loud, good bass and fitting",5,4/1/2022
tor Omojola,Great product,Has a very rich bass and a clean sound quality. ????????,5,4/1/2022
nuga Ahmmed,I like it,Very nice. So enjoying it,5,4/1/2022
n,The sound and the battery longevity,I like the fact that I can use it for 3 days without worrying about charging It... That's an A+ from me to Oraimo,5,4/1/2022
ENZO,UNREAL DEVICE,"I hesitated buying the unit due to the cost which i though was high compared to cheaper quality models i had seen, but then - the battery life. So i went ahead.

Really, this unit cant be real. the functionality and sound quality are UNBELIEVABLE. With music i have known over the years, i now hear things in them (demons ??).

unit is worth every kobo if your 1. love music  2. love gadgets   3. Need talk for ages   4. KIS",5,4/1/2022
elem,it'sperfect,"Awesome bass ???? ???? ????????, highly recommended!",5,3/1/2022
yman,Dope Product,Long lasting battery and Noise cancellation,5,31-12-2021
l,Value for your money,"Sound quality is okayish with excellent bass, environmental noise cancelling isn't as good as it thought it would've been, I had no problem making calls, no complaints with bluetooth connection through my usage so far",4,31-12-2021
fin,awesome,Good quality,4,31-12-2021
olaotan,I love it,It was do good,5,31-12-2021
emeka,Oraimo Freepods,"So lovely, nice bass",5,31-12-2021
ulbasit Ibrahim kani,Free pods 3 2baba edition,Perfect,5,31-12-2021
ne,Excellent,Good bass and long lasting battery,5,31-12-2021
on Scott,Good quality sound,Superb product really love it,5,31-12-2021
R,I love it,I love it…worth the price,5,31-12-2021
as,its perfect,"Omo the price is worth it oh, perfectly perfect ????I love it",5,31-12-2021
eel,Bass,The bass quality and battery life is superb,5,31-12-2021
l,oraimo freepods,Sounds and last,5,31-12-2021
wa David,perfect sound,Never regret making the decision,5,31-12-2021
 Ibrahim,The real deal,Got it for my kids and they love it.,5,30-12-2021
nce,very Nice product,Nice and Luvly product with quick delivery,5,30-12-2021
ang,cool,It's a good quality,5,30-12-2021
cious,awesome pods,"Battery life is awesome
And the Bass is great, but please we need a pouch for it.",5,30-12-2021
cious Emeh,Superb,"Honestly exceeded my expectations. Totally recommended guys!!
Probably next on should come with a charging head.",5,30-12-2021
is Agbamisa,I love it,It’s in good condition and the bass is awesome,5,30-12-2021
ilola,Clean sound,Love the extra bass.,5,30-12-2021
ky D,Top Notch Quality✌????,The Overall Quality Performance ✌????,5,30-12-2021
hariah Bello,I’m impressed,It’s a good product. I am really enjoying it,5,30-12-2021
id,oraimo freepods-3 2Baba,Is good,2,30-12-2021
erie,So and so,"I feel like the Freepods 2 were better. They sat better and could be better controlled I feel. But what they do offer, better bass and a more surround sound feel, make up for it. Could’ve done without them but I don’t mind them either.",3,30-12-2021
we,good product,Works well,3,30-12-2021
 Victor,Good,Most def,4,29-12-2021
uel Esiet,It’s good,It’s good.,4,29-12-2021
ayo Collins,Excellent,The earbud meet the requirements. The bass is top-notch but the only problem is that it pains in the ear after some minutes.,4,29-12-2021
tins Bokiri,Good product for the price,Best product I have had from oriamo,4,29-12-2021
NWE,Good Product,The design is very pretty and the sound balance is awesome. I like the bass especially. Off course the battery is trusted,4,29-12-2021
HARD,Almost Perfect pod,The Pod makes real sense But the awareness mode makes no sense bcos you can barley call it quality earphone. But with the bass mode you have a good quality Pod. .So it's better to leave it at it is and use it like that on bass mode,4,29-12-2021
ephine,oraimo freepods,"Well ear fitting aside that
 it's ok",4,29-12-2021
ULFATAI,good product,"The sound is good and it matches the video, it doesn't lag",4,29-12-2021
ne Briggs-Kamara,it's good,"It sounds great, However it falls out of the ear which is quite disappointing. Another disappointing surprise is that you can't put it off or on from the airpods, you have to return it to the case. Sound quality is good and the noise canceling work well too.",4,29-12-2021
la,Good,Exactly what I ordered,4,29-12-2021
iong,I like it,"Really good. Quality sound.
Just that the rubber tips start to hurt my ears after a long while of usage, and I’m using the small size.",5,29-12-2021
NCE,perfect,It's just as I expected it,5,29-12-2021
CIOUS,Nice,Nice sound,5,29-12-2021
itope Samuel,A great replacement over the freepods 2 but ...,"I have both the freepods 2 & 3 2Baba. The Freepods 3 is a superb upgrade from the 2. 

Though the 3 lacks enough bass for music. I'm not an audiophile, but I enjoy my music, and the lack of bass it's obvious. 

The Freepods 3 shines through with it's connectivity. 

Calls are clear, and the latency is very impressive compared to Freepods 2. 

For me, Freepods 2 is a lot lighter and comfortable to wear for long periods of time. The Freepods begin to become uncomfortable after a few hours.",5,29-12-2021
id,nice,There is a great improvement from the last edition. The comfort and sound quality is so nice.,5,29-12-2021
DRACK,I love it,Great product,5,29-12-2021
MED,I love it. Very sleek,"Looks smart, with a great sound",5,29-12-2021
tayo,awesome,"Delivered as seen 
Enjoying my music",5,29-12-2021
liam Kingdom Knight,I love it,I’ve been looking for an affordable and comfortable earbud. Invested so much on different types until I found this. This output is perfect with great noise cancellation. I do wear this for hours with ease.,5,29-12-2021
whara,I like it,Good product,5,29-12-2021
BADE,Great,Love it,5,29-12-2021
ai Ishaku,Best quality ever,Is very nice ???? am enjoying it and i will still buy another one because the product is the best amongst the best,5,29-12-2021
al,I love it,It worth the money. I guess money well spent,5,29-12-2021
kan,Top tier product!,"This is a top-class product. The bluetooth range is just as described. I could go away from my phone as far as tens of metres away, with doors closed, yet the production is steady. The bass mode is great. The call quality, even in super noisy environs, is smooth and clear.

It is absolutely worth every penny!",5,29-12-2021
pitan,Very good,Battery is very strong,5,29-12-2021
AMMAD SAAD,How good is this product pb,"I’m happy with it so far
Better than AirPods 2",5,29-12-2021
nis,FreePods-3,"This product is just simply amazing

Only Apple product has achieved this feat and Oraimo showed that perfection can redefined.

Amazing ????",5,29-12-2021
AEL,I love it,The bass is fireeee ????.. Good stuff,5,29-12-2021
ranwei,The delivery was quick,The ear buds were perfect,5,29-12-2021
E,Battery last so.long,This product is amazing,5,29-12-2021
a Okpugo,It’s okay,It’s okay but it’s so unfortunate that’s one of the EarPods came out of my ear and fell down on the road Nd got broken,5,29-12-2021
amaka,I like it,I love it ...the base and product is ok...I hope it lasts too,5,29-12-2021
hony,I like it,Good battery life,4,29-12-2021
uf,ok,Perfect,3,24-12-2021
iah,I like it,"It has good quality sound, plus heavy bass.",4,24-12-2021
,I love it,Mad base.. Long lasting battery too,4,24-12-2021
hua,Excellent battery life,"This pods are awesome, the battery never dies..... Excellent product glad I bought it",4,24-12-2021
eline,excellent,The bass and battery capacity,5,24-12-2021
e,good to yse,Awesome,5,24-12-2021
hael,I love it,It’s very comfortable and of good quality,5,24-12-2021
demi Tosin,Not bad,"Play ,pause and next  sensors could be better 
Overall nice battery",5,24-12-2021
liams,beautiful,Awesome sound,5,24-12-2021
lezeye,i love it,"I love the the sound quality, the bass , and also the battary life",5,24-12-2021
OH,Awesome Freepods.3,This product is super awesome and durable quality sound,5,24-12-2021
ola Peters,Free pods 3 review,It’s really nice????,5,24-12-2021
h,Great,"Great sound, lasts long",5,24-12-2021
su Oluomachi celine,Works fine,Got it for a friend and he loves it,5,24-12-2021
ntBless,My Review,Packaging and quality.,5,24-12-2021
ITAYO,Too bad,After one week of usage the left earpod refused to charge,2,24-12-2021
NTAYO,Bad product,"The product is not responding to touch when picking calls or using it to next music,and most time if am talking to someone on phone the hardly hear me well I regret buying there better product like edifier , and qcy",1,23-12-2021
i-kay,Great Product,"The sound is Superb truth be Told. But I am scared it may fall off my hear because the hold firm and assuring. Also the touch sensor hasn't been perfected, but the Output is Highly impressive for the Price",4,23-12-2021
oola,Solid Bass,"I was surprised when I saw the ad. I thought 8hrs with great sound quality was a lie. But let me tell you, this Freepods meet all the advertisement hype. It is worth spending your money on.",5,23-12-2021
sifreke Okoh,Nice sound,I love it and the bass is awesome,5,23-12-2021
n,Perfect,"For the first time, I enjoyed what I ordered from jumia, FreePods-3 is the best earpod with perfect sound and nice package design, infact you'll fall in love with the pack even before you open it. I strongly recommend this to any and every one. I promise you'll enjoy it.",5,23-12-2021
ne,nice,The sound is good,5,23-12-2021
,Mr,It's just perfect,5,23-12-2021
 Adeyemi,Should improve on firmness on the ear,I like the fact that you can pause and play while it’s on your ear and also it can play while on the case.. but it falls off my ear easily,3,22-12-2021
n,oraimo,It's best pod with the price,4,22-12-2021
ulmajeed,Recommend,The pod is heavenly. You hear every lyric and every instrument from beats clearly. I am glad I bought it.,5,22-12-2021
a,Correct,It's perfect,5,22-12-2021
dubem,I love it,The bass is cool and it is easier to answer calls than pod2. The only downside is that it pains the ear when it stays for long,5,22-12-2021
ammed,make sense,Make sense,5,22-12-2021
TH,top notch,Easy function,5,22-12-2021
ar,It's cool,I recommend,5,22-12-2021
our john,Best,Top quality,5,21-12-2021
feek,The battery is reliable,"I've been using this for about 7days and I can say that the battery is cool. However, I seem to be having some challenges with the mouthpiece when I'm making/receiving calls, as I need to repeat myself in some cases before the other person can hear me.",4,21-12-2021
in,I like it,Good product,5,21-12-2021
ment Peter,satisfactory,Nice product,5,21-12-2021
FREY,my order,It's jst what I ordered I saw ????????,5,21-12-2021
gha,Not impressed,I think it's still a work in progress. The left ear disconnects abruptly.,3,20-12-2021
doja Ayorogba,Excellent,It’s doesn’t feet in my ears,4,20-12-2021
u,Product revie,The earbuds works perfectly and I would recommend for others to use. Just not compatible with kinda of earholes. A variety of white would be much appreciated.,4,20-12-2021
echi,Unbelievable,Unbelievable performance. Bass was like nothing before. Big upgrade from the old version,5,20-12-2021
EED ADEBAYO,Freepod3,Make sense,5,20-12-2021
YEMI,Exquisite,The Earbuds are just super amazing..,5,20-12-2021
nce Oladele Kabiru,Nice,Is fine,5,20-12-2021
ka,Free pod,"Battery last long and great sound, I love it",5,20-12-2021
odun,oraimo,dope and long lasting,5,20-12-2021
zabeth,is perfect,Perfect,5,20-12-2021
nga,Oraimo freepod 3,Breathtaking,5,20-12-2021
uq,Like it,Good sound but the power pack is behaving somehow. The light in the middle is very dim while others are bright,4,20-12-2021
hael Oparah,Earbud,More adaptable to ear not to allow frequent fall off,4,20-12-2021
borume Tega,Nice,I love it,5,20-12-2021
NY ADEBAYO,Works well,"The sound is very decent for the price point. The bass is good, vocals of artistes is clear, not as crisp as I would want it but expected for this price point. The biggest win is with calls, the receiver can hear you clearly even when your voice is low. A good buy!",5,20-12-2021
ens,Wonderful,"The sound quality is great,apart from a small discomfort  in the ear.",5,20-12-2021
ammad Bashir,I love it,Best you can get,5,20-12-2021
bola Wealth,❤️❤️❤️,Working perfectly and that battery also last,5,20-12-2021
tayo,Breathtaking,"Everything about this bud is taintlessly beautiful, I pray it lasts long, so I can continue to advertise it to fam.",5,20-12-2021
kwuma Okoye,Very nice product,Keep doing the good,5,20-12-2021
dom,awesome at its peak.,This earpiece is gives me so much value than it is actually worth. It's sound is so refined and balanced. It's a must buy for every music lover!,5,20-12-2021
,best,I love it????,5,20-12-2021
TUS,Awesome,"Awesome bass.. 
Very quick connectivity
Lasting battery",5,20-12-2021
kley,quality service from oraimo,durable battery and best sound its a good buy quality service from oraimo,5,20-12-2021
atunde,Excellent Bass,"Excellent bass, quality products",5,19-12-2021
ME,not really impressed,"The device sometimes have difficulty of people hearing me when on calls
The left ear is now making noise as if the speaker is bad
Finally when playing music after sometimes it will be disconnecting and connecting back
U only enjoy the bass when u are in an environment where their is no noise
I only enjoyed it the first 2 weeks of purchase",2,17-12-2021
OME,Worth the price,"Nice battery, good sound.",4,17-12-2021
phen,The eartips make my ears hurt,"The Product is really good, the sound quality is nice, its sleek and portable. but the size of the eartips isn't okay, it hurts my ears despite changing the eartips to the smallest ones. I also think it should be customizable, we should be able to configure the earbuds to our taste. I personally think a double tap on the right ear should change it to the next song instead of pausing it, if I could have been able to change that, it would have been great. Great product oraimo, keep getting better!⚡",4,17-12-2021
dex,I love it,The design and other things mentioned  in the ad for this product is just as described. Amazing bass and goo sound quality,5,17-12-2021
anuel,Good.but...,"ONE MONTH REVIEW...So, while the Earpods are durable and the bass is great I think they need to look into the quality of the connectivity,  says its 10m but often time behaves like 3m span. Every other  thing is good",5,17-12-2021
ho,Good product,"Good product, loud and noise reduction",5,17-12-2021
 SELEIPIRI,I Love the Oraimo Wireless Earbuds,"The Earbuds are very good, fits perfectly into both ears giving good Quality Sounds, the Voice is clear during Phone calls",5,17-12-2021
x,I like it,Very good,5,17-12-2021
tice,love it,Really great product. Bass was awesome.,5,17-12-2021
mas,Mr,"Very nice, and audible",5,17-12-2021
old,Nice product,Great sound. Great battery life,5,17-12-2021
es,i love this oraima product,I love welcome voice and the feel I get when listening to music and making calls,5,17-12-2021
Mena,Best,I luv d bass,5,17-12-2021
kayode,I like it,The product was delivered intact and it's been very useful for me,5,17-12-2021
AD,I really love ❤️ it ???? ????????????,"Exactly what i Order, it’s very good ???????? I’m enjoying it the battery last long ????????????????",5,17-12-2021
dele,Nice,Nice Bass,5,17-12-2021
med,I love it,"Have been enjoying my freepods since the Day of purchase, great sound and no issue eversince",5,17-12-2021
drick,Over rated,"Honestly, this product is overrate. I have a regular ear pod that  I got for 4k and there is no difference comparing both.",2,16-12-2021
dil,It’s very nice,It’s worth the buy,4,16-12-2021
rogbin Funmilayo Grace,Very good ptoducy,It’s okay,5,16-12-2021
UOLUWAPO,Good quality,Nice product. Just painful to my ear.,5,16-12-2021
,best earbuds,The sound and battery life is perfect,5,16-12-2021
u Daniel,Improve the case,Case not functioning correctly must be plugged before buds connect,3,15-12-2021
ghter,awesome,Smaller muffs,4,15-12-2021
okhan,nice,Good sound,5,15-12-2021
nelo Donatus chinedu,Master,Very very good excellent.,5,15-12-2021
hrenzz,Oraimo FreePods-3?,SOLID!,5,15-12-2021
A,good,Nice sound,5,15-12-2021
zzy,Earbud,"Nice quality for the amount.
Great bass.",5,15-12-2021
OHA,nice bass,Perfect bass... However can get painful when worn for long...,4,14-12-2021
frey,It’s nice,It’s a good quality,5,14-12-2021
id,nice,The bass was nice.,5,14-12-2021
a,Good Product,Range and loudness,5,14-12-2021
labi,Super love it,It’s cool,5,14-12-2021
zy,I love the product.,Beautiful.,5,14-12-2021
nifer,Excellent,"Highly recommend 
????",5,14-12-2021
 N/D,Very satisfied customer,This product is superb ✈️????????,5,14-12-2021
diebere,super good,Super good,5,14-12-2021
runtele nurudeen,Perfect,"Good pod with a lasting battery. Works well with my iPhone,  oraimo  really got this right. Weldone guys",5,14-12-2021
HIA,Awesome,Awesome,5,14-12-2021
nlami Sikiru,Delivery successfully,Working perfectly,5,14-12-2021
chi,I love it,Product is topnotch ????,5,13-12-2021
ASOMWAN EFOSA,Pods,I like the sound,4,13-12-2021
eon,the sound,Very great sound,5,13-12-2021
id oshoke,Met my expectations,"I love it, it's great!",5,13-12-2021
AEL Olong,Oraimo pods 3 2baba edition,Insanely Outstanding performance. An earbud to be proud of. It's Worth every penny,5,13-12-2021
oluwa Emmanuel,I Love it.,"It makes a lot of sense, although the noise cancellation does not work perfectly as I expected but it's still a lot better.",5,13-12-2021
day,oraimo earpud,Spot on,5,13-12-2021
vis Etim,Free pods 3,It’s ????,5,13-12-2021
LABI ADEDAMOLA,Not working as much as I expect.,"I dnt think the active noise cancellation is working, as the Bluetooth doesn’t filter noise as  I thought, and mouth piece doesn’t pick sound as it shuld.",2,13-12-2021
E,The left EarPod is not working,I noticed that the left ear of the device is not coming on even as the casing is fully charged.,3,13-12-2021
AHUDEEN,I likes,The freepods-3 2baba is giving me joy... its a boom sha sha,4,13-12-2021
tor,Neat,Unbelievable sound quality,5,13-12-2021
F,Hmmm!!! ????,"Well, after some usage for a month now, the Pod 3 beats my presumption from the battery life to the sounds(beats) to the packaging and the rage it covers even the designs and clarity while making calls, and my favorite parts are the packaging, design and sounds output while the ear tips are on BUT they’re sets back which I find as a big deal and got me wondering (1) You have to manually select it to the pod during calls including incoming calls which doesn’t make it totally wireless because I have to bring out my phone (2) lately they’re breaks in transmission while usage(music) for a second or two which i find annoying at times. However the Oraimo pod 3 is a nice purchase!",5,13-12-2021
nda Dasola,I use an iPhone 11 promax,"Nothing, I love it so much,it went well with my phone,no issues,bass is top notch and awareness mode is great too.",5,13-12-2021
EKACHI,oraimo freepods,"The bass is something else. Very nice

The bass is something else. Very good
????",5,13-12-2021
k,I so much love it,Best buy,5,13-12-2021
nbosco,ORAIMO FREE PODS 3,This is the best earbuds I have gotten so far.. Long lasting battering life. Very sleek on the ears,5,13-12-2021
ry,sound and beauty,"The sound quality is top notch, and it's beautiful",5,13-12-2021
ry,nice,Good sound quality,5,13-12-2021
BLESS,simply awesome,It's bassy sound and easy connectability,5,13-12-2021
mise,Exactly what i expected,Super fast delivery,5,12/12/2021
ry,Good product (Oraimo)????,The battery life and the bass are very good,5,10/12/2021
ar,I don't like it,The earbuds keeps twitching,2,10/12/2021
gbo,Battery not lasting as much as advertised.,"The left ear pud trips off before the right ear. 
The ear pud last an average 4 hours 30 mins.",3,10/12/2021
ata,Great bass,The adverts don't lie.,5,10/12/2021
NE DANIEL,Great,"Great sound, cool when used for calls, long lasting battery",5,10/12/2021
EPH NWAOKENNEYA,Good sound,Good sound definition overall,4,10/12/2021
oma Iroegbu,Good product,It’s been good so far ….this is my first time using an oraimo product too so it’s good,4,10/12/2021
bami,mr,"It's perfect and all that ,but I can't sleep with it",4,10/12/2021
rge,Overall Good buy,"The sound quality is 11/10. Very good. But the buds still have its faults. First of all, the silicon tips on the buds sometimes slip out but they can be swapped with smaller ones that come in the box.

Secondly, the touch sensors are a bit too sensitive , so things start happening without your intention.

Other than that , it’s still very solid.",4,10/12/2021
hua,Great.,Good Product.,4,10/12/2021
ima,lite,Excellent,5,10/12/2021
wan,It's fire,"It's solid

It's solid",5,10/12/2021
ENETHOME SPLENDOR,Great,Excellent,5,10/12/2021
idele,I like it,Works well so far,5,10/12/2021
TUS,battery last long,Battery lasts long and it's very convenient,5,10/12/2021
VWERHEN,Good buy.,Very strong battery and nice sound.,5,10/12/2021
NBISI,I love it!,It is so lovely,5,10/12/2021
TT,Freepods,Original sound and quality,5,10/12/2021
ainah Abubakri,Good product,It’s a very good product which worth the price,5,10/12/2021
ka,I like it,Wow.... Just the Best,5,10/12/2021
spero,Good,Very well working,5,10/12/2021
ENTED JERRY,The sound and the distans is wonderful,"FreePods 3 is the best earpod I have ever used, the sound is powerful and the Package is Amazing",5,10/12/2021
,Love it!,"Nice quality, amazing sound and very good battery life. Great value for money .",5,10/12/2021
goziri,Top notch quality,The second one I'm buying... Top notch quality as usual.,5,10/12/2021
hony Okache,I love it,The quality is okay,5,10/12/2021
edict,just ok,The bass is ok for the price,5,10/12/2021
rick,The sound is great,The battery life is top notch. One pod fell into water a few days after I got them. It still works like a charm.,5,10/12/2021
uf,nice,nice product,5,10/12/2021
tapha,its ok,D beat,5,10/12/2021
ya,best,Best product ever,5,10/12/2021
ka Kingsley,loved it,Great Product. and Amazing stereo. but lack the power on functionality which i have to put it back into the case.,5,10/12/2021
dengbe,perfect,"This is the second time am buying, but can't figure how to increase and decrease the volume",5,10/12/2021
anuel,I didn't enjoy it for a week,"After a week of purchase, one of the ear isn't working.
The one that doesn't work today will work tomorrow and vise versa versa... Stopped using it",1,9/12/2021
hua,very good,"it has so much bass, and sound quality is good too. I won't advise to wear for too long as it causes ear ache",4,9/12/2021
n Blaise,Probably an upgrade of the older version.,"But it should have an app to control and set the ear pod. Eg to set the audio volume , to set the bass , to change song or to do other stuff... But the air bud is good and superb.",4,9/12/2021
iel,I like it,"Nice sound. Very light, but not prone to very rapid head motions or the bluetooth will disengage.",4,9/12/2021
CY,I like it,Good product. though I need to reset my bass if that's a thing. bought one for my hubby too and he likes it,4,9/12/2021
bola Olagbemi,Great,It’s okay,5,9/12/2021
k sarki,Excellent product,I think the product meets requirement.,5,9/12/2021
DARA OMODARA,Great,Very good,5,9/12/2021
aculous,the sound is cool,Working perfectly,5,9/12/2021
deji,Perfect,I love the bass,5,9/12/2021
,clean bass,I enjoyed it,5,9/12/2021
l,Fantastic product.,Battery life is good. Fitting in nice. Sound is dope. Bang for my bucks.,5,9/12/2021
ofor,Is excellent,"The sound is out of this world, with perfect bass, I love! love!! love it",5,9/12/2021
ncis,I like it,It works well. Satisfied with the output.,5,9/12/2021
KOYA,Brand is Inefficient,"The device keeps disconnecting from my phone irrespective of the distance from my phone (even when I have my phone right in my pocket).
The brand is inefficient",2,8/12/2021
USI,Call,I can hear clearly when receiving or making calls but most times the person on the other end can't hear me at all,3,8/12/2021
oji,freepod 3,Not as good as the free pod 2 pro.,3,8/12/2021
a Halle,Wireless Stereo Earbuds,"Good as expected
But works poorly on iPhone",3,8/12/2021
our,Nice,Very nice,5,8/12/2021
i,Air pod,I really like it seriously,5,8/12/2021
LY,its a good Earbud,Nice sound,5,8/12/2021
iu Hassan,Awesome,"It worth every kobo spent on it. 
The mic is good.
The battery life is awesome.
The Bass is nice.",5,8/12/2021
ah,Original,Very good and fast delivery ☺️,5,8/12/2021
anuel,Nice product,Overall great product,5,8/12/2021
gsley,lovely,It's unique in every way,5,8/12/2021
rles,freepod3,"It's worth the money, sound is mad",5,8/12/2021
,oraimo,"Is working fine  it sounds laundry and clearly, I really like it and and am enjoying it.",5,8/12/2021
airu,Worthy buy,"This product is everything they described it to be and more, the bass on this piece is an upgrade on the freepods 2 for sure, i charged the case the day I received it and it was  5days later before i had to charge again, aside the pain you feel after a long time of having the pods on, its almost perfect.
Though i barely use both pods at the same time, maybe that's why it could stay for up to 5days before dropping to one bar on the case. ????",5,8/12/2021
cy,Oraimo FreePods-3 2Baba Edition,The bass mode,5,8/12/2021
dotun,Perfect,"Feels good, sounds good, looks good. Good for the price",5,8/12/2021
WUMI,Beautiful experience so far,Only wish I can control the volume on the pods without touching my phone or other device,4,7/12/2021
nayo,its nice,Sound is top notch,4,7/12/2021
entine Agbaka,It’s a good product,It’s sounds well,4,7/12/2021
N,nice,It's nice though I have not used it,4,7/12/2021
chukwu Nwakanma,Good,Works well,5,7/12/2021
SON,awesome,"This item is awesome,  an upgrade to 2,this 3 is the bomb",5,7/12/2021
chukwu Ogwuadi,I like it,Nice product,5,7/12/2021
radenu,I love it,I love the product,5,7/12/2021
O,Good quality for the price.,Love that bass! Great range. Would have preferred a feminine voice saying 'connected',5,7/12/2021
id Nnabuife,Perfect product,"Best freepods so far
If you’re considering getting this, go ahead",5,7/12/2021
DIMEJI ABIODUN,Good,It make sense. Toms up,5,7/12/2021
t,Worth it,I'll recommend this product,5,7/12/2021
fowoshe,Ola,It's a great product,5,7/12/2021
CILINA,Great sound,"The sound is superb, when I'm on call the person hears me perfectly. Oraimo is the best I have ever used . WELDON ORAIMO......I'M HAPPY CUS I GOT EXACTLY WHAT I PAID FOR",5,7/12/2021
jamin,The bass sound,I love your product,5,7/12/2021
azuwa,Love this.,Good sound and long lasting battery life,5,7/12/2021
ammed,Sound,Sound is so good no,5,7/12/2021
ick,Love it.,"The bass mode is so so incredible.
 Very loud also.  Just what i was looking for.",5,7/12/2021
OHWO,i like the sound quality,The right eye free pods doesn't fit into my right ear other than that it's great,4,7/12/2021
nus najimdeen,pros,"It last long and strong, it has fell from me like 3x and it still works perfectly although it can be improved",4,7/12/2021
wale Peter,Great,Mad ????????????,5,7/12/2021
ISTIAN,Nice Airpod,Long lasting battery life,5,7/12/2021
kwendu,very good,"The sound is just like a home theatre, very clear. Enough bass. The battery lasts very long. Kudos to Oraimo for this wonderful product!",5,7/12/2021
bisi,Working perfectly,Came earlier than the said date. Thanks,5,7/12/2021
edeth,I.k,It's a very nice pod,5,7/12/2021
afor christian,Great product,It’s perfect,5,7/12/2021
fianjayd,I love this!,Maximum satisfaction at the right price,5,7/12/2021
atunde,I like it,This is exactly what I wanted,5,7/12/2021
nley Williams,A GOOD PRODUCT.,"It gave me all I ever wanted…
Nice bass and good quality",5,7/12/2021
gstun,Great,Strong,5,7/12/2021
tapha,Not working properly,"The 2 pairs didn't work at the same time,",1,7/12/2021
enna,its ok but needs improvement,"The noise cancelation needs to be improved, most time I have to shout for the person at the other end to ear me.",3,6/12/2021
ahim,good,It works perfectly,5,6/12/2021
aulay,I love it,Everything and more just dont drop it!,5,6/12/2021
watosin,perfectly ok,Working perfectly,5,6/12/2021
odun,Oraimo AirPod,The best product of ever,5,6/12/2021
uroti,Oraimo free pods,Really makes sense.  Honestly.  Battery very good. Sound very good. Will continue to purchase oraimo products.,5,6/12/2021
N,I love it,Oraimo on point,5,6/12/2021
tor,Excellent,Excellent sound,5,6/12/2021
cy,Nice sounds,I made a good investment,5,6/12/2021
UEL,Food value for money,It's good enough,4,6/12/2021
,Very Good Pod,It's sound is great but it's latency while playing games is to high when makes it bad for gaming but minus that it's very okay,4,6/12/2021
,no complaints at all,Worth the money,5,6/12/2021
ULLAHI SULEIMAN,Great,Need to be more ear friendly,5,6/12/2021
THIA,the best,The Bass is everything,5,6/12/2021
adana,Nice earpod,I really love it????????,5,6/12/2021
anu,the sound,Is nice,5,6/12/2021
hua,best out there,Everything,5,6/12/2021
mide,Bass and noise cancellation is okay,It's perfect for the price,5,6/12/2021
ANUEL,Good Product,I love it,5,6/12/2021
BE,love the bass,Love the bass and the battery last for a long time,5,6/12/2021
LINGTON,awsome product,Great sound,5,6/12/2021
YINKA,Just as advertised,"It's perfect, I love it's noise cancellation and the battery last long, now I can enjoy my music and my movies.",5,6/12/2021
AEL,It Skips too often,"Once I put my phone in my pockets and I am connected to the FreePods, it begins to skip whatever is playing and it is very annoying",2,6/12/2021
ry,Faulty Touch sensor,"The touch sensor is not working at all. Very difficult to use compared to other cheaper buds... Jumia is probably not gonna display this review but believe me, this product is overhyped.",3,6/12/2021
nze,It's not a total noise canceling system,The bass is good but not totally a noise canceling system,3,6/12/2021
M IME-ESSIEN,It’s alright,It’s alright,4,6/12/2021
wale,Great sound,It has a great sound and voice clarity. I don't need to shout before they can hear me.,4,6/12/2021
UEL,Awesome,Punchy bass but expected more functionality,4,6/12/2021
MDI,still testing,Okay for the price,4,6/12/2021
ssing,Oraimo the Best 100%,Perfect!!!!,5,6/12/2021
gai Ralph,Amazing,"The sounds that come out of it is amazing,you hear the beats and vocals very well.  Damn!!! I recommend you get yours now???????? But I suggest Oriamo developes an app for EQ",5,6/12/2021
iet,that its original,Original,5,6/12/2021
be Bassey,I love it,Perfect,5,6/12/2021
,good,very nice product,5,6/12/2021
ly,its so nice,Battery ???? is very strong.,5,6/12/2021
IEL CHIME,Awesome,"Its awesome 
Even for iphones

But you guys really need to get a pouch for it",5,6/12/2021
ammed,Legit,Worth the hype,5,6/12/2021
ed,Classy,Class of ipods????... Sound is great,5,6/12/2021
gbesola Abiola,Late delivery,Took 5 days to be delivered but I think it’s worth it. My ear wan tear from the bass ❤️,5,3/12/2021
diran,It arrived fast,No issues at all,5,3/12/2021
tuoma,Good,I've used this for the past 3 days and i can say it's really good. It serves my purpose for buying it fully,4,3/12/2021
piness Williams,The Bass,Bass is quite low....,3,3/12/2021
anyi,Bud size,The buds seem to be too big and that doesn't make it very comfy in the ear,3,3/12/2021
mykeys,Ambient sound regulator,It's ok buh that call and voice thing is not working well with the ambient sounds which needs to be fixed ASAP,3,3/12/2021
oroborie,Amazing,Really amazing,4,3/12/2021
rin abdullahI,Better,Superb,4,3/12/2021
WO,it's cool,It's ok,4,3/12/2021
na,I like it.,"Great bass. Good sound. Battery lasts well. Oraimo freepods 3 could be better tho... Wish the touch sensitivity could be better too. I picked a call once, and the sound refused to come up, I wasn't heard until I disconnected and connected again.",4,3/12/2021
boss,good brand.,"I trust oraimo 95%
????????????",4,3/12/2021
nna,I like it,It’s cool,4,3/12/2021
ald ojimadu,I love it,Sounds nice and is comfortable,4,3/12/2021
ck,Fair for the price,"Nice one, though the ANC should be improved in subsequent models",5,3/12/2021
uel,Love it!,"As requested, sleek design, long lasting battery and bass is ????????",5,3/12/2021
be Ndubuisi,Free pods 3,Very much improved!,5,3/12/2021
,Very pleased,"Super happy with this product. This seller is tested and trusted by me. Multiple buys from them and I always get super fast delivery. Also, their products are genuine.",5,3/12/2021
ONYE,perfect,Perfect,5,3/12/2021
dom,Nice product,Simple to use,5,3/12/2021
ULRASAQ SALAUDEEN OLAMILEKAN,Great,"Great sound quality 
Excellent battery life.",5,3/12/2021
echukwu,3rd best earbud to Apple and Samsung.,This earbud's battery is quite remarkable. I haven't charged it in 3 days now and I use it more than 8hrs daily . The sound is mind blowing for those of us that like that woofer sound. Mad Basssss!,5,3/12/2021
uko,honest,"Well, using it for over a month or less, everything is perfect, but the tips are not ear compact able, the tips wear out easily and come off, I feel more comfortable using it without the tips but at the expense of good bass",5,3/12/2021
ir,awesome,so good and always reliable..,5,3/12/2021
WASEUN,Excellent,Works perfectly well,5,3/12/2021
anuella Osunde,Amazing!!,It needs to be louder,5,3/12/2021
AM,Earbuds,The sound quality is nice and the battery is top notch,5,3/12/2021
A'IL,good,The earbud is working perfectly. Wow! I love it.,5,3/12/2021
thia,Superb,Perfect,5,3/12/2021
ibema Nduka,Review on the free buds,Longer battery time,5,3/12/2021
dluck,not what i expected,It doesn't connect to more than one device at a time,2,3/12/2021
wan,faulty,The pair is no more working together after a week. One earbud works at a time,2,3/12/2021
eem,I like it,It's causing pain in the ears after about 3 hours usage...,3,3/12/2021
anuel Nwachukwu,Lovely,The product is so lovely and wonderful,4,3/12/2021
MA OKEKE,Good product,Good quality sound. And the battery last well enough. I’m still tying to get used to the awkward soft-touch call answering buttons though. Good overall,4,3/12/2021
hirat,comfortable,It's nice.,4,3/12/2021
baine gift,Small error,Sometimes even in the case is still connected’ correct that n it will be just perfect..,4,3/12/2021
lins,Make sense,The Bass 4rm this airpod na die,4,3/12/2021
torism,My expectation,Very okay with the sounds quality but false to provide Actice noise cancelling inward  and outwards,4,3/12/2021
FEMI,oraimo freepods,It works fine,4,3/12/2021
cha,Perfect,Good purchase.,5,3/12/2021
L TRIUMPH,Good,Let it connect 2 phones or more,5,3/12/2021
in,I like it,It's too notch...,5,3/12/2021
HAEL,i love it,"its has a good sound quanlity good battery life nice comfort and also affordable
ORAIMO Freepod 3
you the best",5,3/12/2021
ITH,2 baba edition,My customer loved it,5,3/12/2021
miyemi,I like it,I like it,5,3/12/2021
ustine Ebenezer,Feel so good,Too good,5,3/12/2021
e,the bazz,Its cool but it can't hold to my ears,5,3/12/2021
ogun,Its perfect,This freepod 3 na baba i reall enjoy it and the battery life is Good,5,3/12/2021
osa,I love it,"Is amazing and have great bass, am really enjoying it",5,3/12/2021
ie,Great Buds,Good Bass and Full Sound. Doesn't stay on my ears well,5,3/12/2021
ght,Superb bass,I love it,5,3/12/2021
ry,Hmm...,"I cannot explain, when you buy it you'll know.",5,2/12/2021
ka,I love it!,"So enjoying the product!

Money well spent. ✅",5,2/12/2021
,I love it,It’s a lovely product. I have no complaints at all. The sound is good and the bass is punchy.,5,1/12/2021
WADEMILADE,Missing,"Am Looking for my freepods, is there a way I can track it",5,1/12/2021
kiiku,Excellent performance,"I love it, it makes me enjoy my music more and game play with it is just superb",5,1/12/2021
YA DEE,Bass,"The bass is just the best for me ...
I love it",5,1/12/2021
agoziem David,Nice product,Good for the good love the ba3 life,5,1/12/2021
,Love it...,Really love the sound quality.,5,1/12/2021
A,perfect,"Incredible sound, it's the best amongst it's class",5,1/12/2021
,good Sound,Isuggest you get one,5,1/12/2021
i,fantastic,Excellent,5,1/12/2021
cious BOSEDE,Ok,Satisfactory,5,1/12/2021
is,good,Very Good,5,1/12/2021
anuel,quality,Excellent product,5,1/12/2021
y Timi,I loved it,I got exactly what I ordered and it was amazing,4,1/12/2021
tor Nwaogu,Awesome,It’s just beautiful,4,1/12/2021
es,nicee,Niceee,5,1/12/2021
id,Perfect,The product's been perfect. It's been over 2 months and I still have no complaints,5,1/12/2021
dia dickson,nice pods exceeded my expectations,The bass its nice,5,1/12/2021
eed,its perfect,The product is fantastic,5,1/12/2021
en Natasha,It’s good,I love it,5,1/12/2021
e Chibuko,Good,Very nice product,5,1/12/2021
ZTA,Cool,It’s okay,5,1/12/2021
ulJabbar,Awesome,Just perfect ???? ????,5,1/12/2021
wenyei,perfect,Item as described,5,1/12/2021
ad Perfect,Free pods-3,This is the best of all air pord that i have used ever,5,1/12/2021
DE,Nice Earbuds,"clear and crisp Sound... d ENC is a plus, works very well.",5,1/12/2021
ELM,I love it,QUALITY PRODUCT,5,1/12/2021
wo,Didn't meet expectations,Can't manually connect it to your phone like freepods 2. Makes it less useful for me,3,30-11-2021
lola,very good,Very good,5,30-11-2021
OLUWA,Love it,Good buy,5,30-11-2021
e,flawless,"The sound quality is great and an improvement from it's predecessor, lucky to have it at a discount",5,30-11-2021
anuel,Makes mad sense????,It's the bass quality for me????,5,30-11-2021
,I don't like it,The product sounds & mic is cool but the rubber doesn't allow it to fit in my ears n it hurts been in the ear for a period of time,2,30-11-2021
se,Good badd but i don't like it,"It hurts my ears, its too big",2,30-11-2021
JAMIN,It's fair,"it do Skip for like 2 or 3 sec while playing music... don't know what's wrong but it does that most times..

It's nice but not comfortable putting it on for long.
Aside that it ok",3,30-11-2021
istian,I like it,Sounds from heaven.,5,30-11-2021
JIOKE,Nice,Solid so far.,5,30-11-2021
naka,A bettee upgrade,"If you liked the previous versions, you will love this",5,30-11-2021
dy,it sounds.good,Sounds good for the price,4,30-11-2021
y,Love it,"Great product from oriamo, the bass just perfect
It like filter air in the ears, so cool",4,30-11-2021
kunle Asaleye,Great,Nice one,4,30-11-2021
fdon Ubandoma,Delightful,It's super nice,4,30-11-2021
sy,I love this product,"Oraimo free pod 3
Its has everything that was described in the product details. Its been long I've listened to music but since I bought it eh it's been music all day long. The battery is very strong a single ear last almost all day with continuous play of music I was forced to ask my caller if he could hear me and he responded that it's crystal clear
I don't regret buying this oraimo free pod 3
Thanks ORAIMO for this super quality",5,30-11-2021
hood,Very nice pod,"The bass is very very good, I recommend it Weldon oraimo",5,30-11-2021
xandra,Love it,Make sense,5,30-11-2021
plenthroned,Love it.,"Good bass, solid battery life, excellent price ????????",5,30-11-2021
est,oraimo,Nice sound,5,30-11-2021
CESS,Good,It well good,5,30-11-2021
uel,Love it,Just as expected.. Awesome!!!,5,30-11-2021
IDI,can't reconnect.,can't reconnect bcos i am not wt d case when my phone goes off 4a long period.,2,30-11-2021
iman Felix,recommendations,"Yes. It could come with smaller buds for smaller ear sizes as the 3 available are too big makes the pods fall off or you have to forcefully force it it. Which sounds good but causes pain when removed and if woren lf
r long even without play. And a way to increase and decrease volume.",3,30-11-2021
ilare gbenga,Make the bud light weighted,"It okay and the battery last long but the bud is painful in the ear when it stay more than 3 to 4hours straight you guys should make it soft and light weighted.
Thanks ????",4,30-11-2021
her Ohioze,Great,Great sound,4,30-11-2021
eon,Excellent,The Bass performance is top notch! It was just too good.,5,30-11-2021
ye Gabriel,Okay ????,It’s perfected already,5,30-11-2021
isochukwu Ezeokoye,Grip,It slips out of the ears after sometime...pla work on the grip,2,30-11-2021
er,Oriamo is the best,Best ever,5,29-11-2021
ID,Feels great,It’s sound great,5,26-11-2021
tor,Great product,"Awesome design and feel, super sound",5,26-11-2021
uku,BEST OF THE BEST,"So fantastic and definitely worth much more than the price ???? ???? ???? I'm really enjoying it to the fullest. Its the best product I've ever purchased from jumia
Battery = superb
Case = fantastic
Range = covers wide range/distance
What more? This airpod is just too much",5,26-11-2021
emelie,I love it,I love it fully charged used up to 48hrs and the bass is fantastic,5,26-11-2021
es,Its delivered,I got mine not even up to the delivery date that was written. And this product is really awesome thanks ???? to jumia and oraimo much love ❣️❣️,5,26-11-2021
iam,The best of it's kind,"Prefect fittings, i love everything i ordered with this black Friday and Oramio product were the best????????????",5,26-11-2021
ka,awesome,Cool and smart,5,26-11-2021
e,I love it,"The bass is perfect. unfortunately, it falls out of my ears sometimes",5,26-11-2021
HAEL,I don’t like it,It doesn’t work well with iPhone….,1,26-11-2021
es,I like it,So far so good. Sleek and beautiful in it's black colour. A bit uncomfortable though for prolonged use,3,26-11-2021
cee,I like it,It's just there. The fact that I can't turn it off is not cool.,3,26-11-2021
NZE,"Great sound, reduced user interface.","Nice sounds, although I am getting used to it. I liked the user interface of the pods 2",4,26-11-2021
ttgolden,Its good overall,"The bass could be better, and the sound clearer at high volume. I don't really enjoy music with it, but it great with games and movies. It's great for calls too. One of the best devices I've made calls with.. A great device overall, especially for its price.",4,26-11-2021
ma,it is not bad,It's fine,4,26-11-2021
,I like it,The item is fine. Thanks,4,26-11-2021
A,its exactly what i expected,It's very good but I wished the volume controls were from the free pods 3 like in the old version.,4,26-11-2021
bi,I love it,It's as expected. I love it,5,26-11-2021
tola,i love it,"It doesn't fall off, it stays firm doesn't block your ear plus the base is superb",5,26-11-2021
tunji,great sound and lasts longer,"Great sound, really love it",5,26-11-2021
son Owoyemi,The best earbud,"Honestly it one best earbud in town now, i love it so much.",5,26-11-2021
banji,I love it!!,"I am a huge fan of Oriamo, so no biggie. Good product",5,26-11-2021
her,Nice,My partner loved them!,5,26-11-2021
s,Great,Great sound quality for the price.,5,26-11-2021
LINGTON,Great,I love it,5,26-11-2021
kson,nice,Very good,5,26-11-2021
spower,The sound,"The sound is awesome, the bass the clearness and all",5,26-11-2021
yi,love it,Superb,5,26-11-2021
anuel,Perfect,I love it,5,26-11-2021
ny,It's Amazing,"I watched a couple of reviews before purchasing this and I must say that Oraimo carefully planned the design and implementation of this earbuds. 
I can freely recommend them to anyone looking for something at this price range.",5,26-11-2021
on,E mad,It’s amazing and so worth the price,5,26-11-2021
NE NNA-UDOSEN,Amazing,Super good,5,26-11-2021
istopher,Nice,Sounds great. Love it,5,26-11-2021
echukwu simon,Very good,Perfect,5,26-11-2021
eph Mokezie,Excellent product,Just might buy the whole family ????????,5,26-11-2021
wumi,I love it,It's a very nice product. The value is worth way more than the price,5,26-11-2021
,Awesome,Very Very Good Product,5,26-11-2021
ian,I love it,The sound effect is premium,5,25-11-2021
istopher,superb and fast delivery,"Superb and was delivered earlier than
 expected",5,25-11-2021
t,Not Disappointed,All that it says it is! Cheers,5,25-11-2021
una,Great,Great product really,5,25-11-2021
tunde Oyebade,Top notch,Beautiful design too,5,25-11-2021
tor osuji,Its gorgeous,I like everything about it my precious earbuds were the edifier x5 but this is very good and the design is very beautiful,5,25-11-2021
ala Kelechi,My bad freepod3,When I return the two ear to the power bank the Bluetooth is supposed to go off but one way or the other it will connect it’s self even in the bank and closed,2,25-11-2021
YE,"it's good but,","It's good, sound well. But it's Bluetooth connection is too weak for a 5.2 version. The freepods disconnects while making calls all the time(whether it's Internet call or gsm call)",2,25-11-2021
zue,Just there,"The bass mode wasn't as wonderful as i thought,maybe my expectations were high buh its okay",3,25-11-2021
ry,good,I love oraimo,4,25-11-2021
WAN,I like it,Enjoying the Oraimo earpod 3,4,25-11-2021
er,okay,"The output is great. However, I experience a little lag with answering phone calls.",4,25-11-2021
lo,it nice,It very portable.  Noise canceling,4,25-11-2021
BAYO,It's a great earpod,"The battery lasts long, the quality of the sound is great, however, the earpods can hurt your ears after a couple of hours of wearing them. The way the thing sits in the ear can be improved.",4,25-11-2021
anyi,very nice,Very cool and good sound,5,25-11-2021
tapha Sodeeq,Everything about it is superb,Lovely,5,25-11-2021
iDentic,Best of it’s kind,The facts that oraimo made it sound so good,5,25-11-2021
deji,Excellent,It's very good,5,25-11-2021
k,Best of the best,I really love it,5,25-11-2021
AN,perfect,Durability,5,25-11-2021
sanshu,the shape,The quality of the sound,5,25-11-2021
di,I love it,Sound quality Identical to AirPods only the noise cancellation is not so effective,5,25-11-2021
ER,i love it,I love the bass,5,25-11-2021
milekan,Love it,"Love the sound, real quality stuff mehn",5,25-11-2021
egbu Sunny,Great product,Superb ????,5,25-11-2021
algeek,like it,just as described. Nicely packaged as well,5,25-11-2021
rles,Good Bass sound and clear voice call,for its price this is one of best if not the best. music and calls is just wonderful. Good job Oraimo,5,25-11-2021
SY,oraimo freepod-3,"Sound, bass quality and long last battery",5,25-11-2021
ideen,I love it,Sleek and awesome,5,25-11-2021
i,perfect,Nice bass. Lasts long.,5,25-11-2021
holas,I LOVE IT.,I love it. It is everything it says it is,5,25-11-2021
,Sound!!,"Battery and Sound! This is good buy anytime, anyday!",5,25-11-2021
cas,Freepods 3,"The longevity, the noise cancelation, thebass everythingabout this pod is to love..
Once fully charged the airport can last more than a week..",5,25-11-2021
a Perry,Nice,Perfect,5,25-11-2021
AHAM,Good Product,Good and quality product. But only connects to one device at a time. It is too big to the ear. Works fine anyway.,5,25-11-2021
es,i like  it,love the bass ????????????,5,25-11-2021
ility,na bomb,The feeling is dope,5,25-11-2021
ndamola,perfect,Very nice. Exactly as it should be. Amazing sound quality,5,25-11-2021
istopher John,Rich bass,Sweet pure bass with tips on,5,25-11-2021
tainity,style,"Classy and great sounds


It's stylish and clear sound",5,25-11-2021
ORAH DUKE,Fantastic,Mehnnnn… the experience has just been amazing.,5,24-11-2021
tor,I don't really like it,It does not notify the name of person calling when phone rings.,3,24-11-2021
DO,Overated,One week with it.... My view is that it is a little bit overated... Everything about it is normal and good but the adverts makes it look extraordinary. The only part I don't like is that it is too sensitive to any body touch... I particularly like sleeping with songs in my ear but it seems impossible with Oraimo as a little touch on my ear stops the music.,3,24-11-2021
vick,sound production,I like the sound production but it can be painful to the ear after a long time.,4,23-11-2021
ilade,good,"It has just 1.5 seconds lag but asides that, it's really good. I love it",4,23-11-2021
odun,It’s ok,Sound is cool,4,23-11-2021
st,It is working fine,So far there have been no issues unlike the free pods 2,4,23-11-2021
LIPPE LUSEYI,"Good sound, great battery","Sounds good, battery life is great. Looks good too and fits in my ears tightly (not to an uncomfortable level).",4,23-11-2021
ROAFOR MICHAEL,It’s awesome,Perfect sound quality.,4,23-11-2021
wale Bakare,It’s okay,You still have to raise your voice to be heard clearly on a call.,4,23-11-2021
HONY,almost perfect,"Been a long time I've been so impressed about a product, incredible battery life good sound and call quality, would recommend without thinking best in class in it's price range and also gives the more premium headset a run for their money.just one draw back the ear tips are highly uncomfortable you can keep it on for more than an hour without feeling so uncomfortable find myself removing them every time",4,23-11-2021
,nice,Bt pains d ear's if stayed for so long,4,23-11-2021
ede Ogundumila,I like it,Nothing,4,23-11-2021
HA,I like it,Good product,4,23-11-2021
al Akanni,It’s just Okay could be better,The 2baba freepods 2  overall better with good casing that doesn’t scratch and clear sound and base but the 2baba freepods 3 is just sleeker looking with better coating and Type C port in the case.,4,23-11-2021
wadamilola,just my review,I can't use apps like Shazam to detect songs while using the pods and it sometime doesn't quicky connect,4,23-11-2021
issa,the pods are great,"No issues, enjoying my new freepods and the battery lasts.",4,23-11-2021
ode,cool product,"I like it ,",4,23-11-2021
emute,Cool,"So far it hasn't disappointed. Battery life seems good, but it sucks that the earbuds don't have volume control. Also, the shape of the ""awareness mode"" tend to hurt my ears. And finally, true wireless earbuds that actually pick my small voice on phone calls. Most other earbuds don't pick my voice over background noise because I have a small phone voice. But this one does, without me having to shout!",4,23-11-2021
waseyi Olasunkanmi,Good device,"The sound is dope.
But I'm unable to pair 2 devices at the same time.",4,23-11-2021
kunle,Not bad for its price,"Nice sound output but I feel like the noice cancellation isn’t all that and also the fact that when a call comes in, I have to manually switch to my EarPods even while it’s connected to phone can be tiring ….overall it’s a good product for the price",4,23-11-2021
AJIDE,love this,good product enjoying it,4,23-11-2021
e Anerobi,Nice,"This is my second one in 2 weeks. Gave my wife the first and had to get another and I must say, so far so good. Sound is good with good stuff and this is good stuff",5,23-11-2021
KWUEMEKA,Good and bad,Nice sound but mic keeps disconnecting during calls,2,23-11-2021
lekan,unique,I enjoyed it. Working fine,5,23-11-2021
st Bebu Marshall,FreePods-3 Review,"Nice fits, portable and beautiful bass.
The FreePods-2 had a function to increase and decrease volume but unlike the FreePods-3 which doesn’t have such functions.",5,23-11-2021
uel Emeka,I love it,Very clear sound when making calls which is what I have been looking for in a long time,5,23-11-2021
OLA,Solid,"Its the original one. Good battery over 6+hrs, Top notch sound quality. Its lovely.",5,23-11-2021
l Techie,The Bass is Top Notch,Oraimo did a great job. I love it Review here:  YouTube.com/PaulTechie,5,23-11-2021
bo,Amazing Freepods...but they hurt,"The Earbuds sound nice and the bass is good. The battery is also good as the buds last long hours with music playing. My only complain is that they hurt my ears. I've tried all the ear tips and none of them fit well into my ear, so listening to music for long periods is not always smooth for me. Maybe those with bigger ears will enjoy the buds better. Aside that, the Oraimo Freepod 3 is great and worth the price.",3,23-11-2021
us Ola,It’s okay,It’s okay,3,23-11-2021
wadarasimi,nice,Very nice,5,23-11-2021
MESE,Very nice,The bass is really nice and loud. The battery lasts very well.,5,23-11-2021
dosu Mobolaji,Awesome Sound,Very good sound and it last long. I wish you try buy one today,5,23-11-2021
gbo,i love it,its the best buds have used so far,5,23-11-2021
c,Perfect sound,Perfect sound,5,23-11-2021
iel,So cool,Compatible with all devices...the best after apple airpods,5,23-11-2021
sanya Abdul mujeeb,Great product,It’s a very nice product to own,5,23-11-2021
tayo,Great!!!,Works well,5,23-11-2021
nce Ugochukwu,The sound productiom nd battery duration.,"It's really a good one, just as advertised and also a good value for money.",5,23-11-2021
AFUNMI,I like it!,The sound is clear and nice. ENC is good enough but don't expect magic.,5,23-11-2021
it,Amazing,"Very nice product, good sound and value for money.",5,23-11-2021
ahim,I like it,Great quality!,5,23-11-2021
an,Oraimo freepods 3 2 baba edition,It's just perfect,5,23-11-2021
WASEAJ,oraimo,The sound is great,5,23-11-2021
oma Chidiebere,The packaging is superb,So far wonderful,5,23-11-2021
atudeen,mr,Excellent,5,23-11-2021
urRahman,Good,Good Music,5,23-11-2021
ola,Perfect,Perfect Sound and Strong Battery,5,23-11-2021
ke Brian,It’s nice,"I love it, it’s nice long battery life, loud and comfortable .",5,23-11-2021
n Kings,originality,"At first I was thinking of the stress of having to return the product if it wasn't an original oriamo product, but when it arrived finally it was exactly what I expected.... I charge only in the evening when am home.",5,23-11-2021
ulope,LOVE IT,Love the bass,5,23-11-2021
ONNIA,nice!!!,"The bass is as advertised, nice audio filtering.",5,23-11-2021
uwanimi,Great earbuds,The sound is nicee,5,23-11-2021
er,nice,Nice bass i love it,5,23-11-2021
hi,it's perfect,Awesome sounds,5,23-11-2021
an,sounds very well,The oraimo airpods is good but it inches the ears,5,23-11-2021
damola,very good product,The sound,5,23-11-2021
wan,great,Nice bass,5,23-11-2021
SEYI,good battery life,Battery lasts long,5,23-11-2021
bami,pleased,Make sense,5,23-11-2021
red,oraimo earbud3,Enc is very perfect.. Lovely.,5,23-11-2021
e,Amazing sound,"It is the bass for me ..... 
It has a rich bass....",5,23-11-2021
son,Nice,Good product,5,22-11-2021
mali,I really love it,The sound is great,5,22-11-2021
GSLEY,Oraimo is great!,Small and very portable. The sound quality and battery life is out of this earth! Great product,5,22-11-2021
ios,Excellent,Quality product,5,22-11-2021
leke,I love it,It's really good for the money,5,22-11-2021
GARI,love it,Standard ✌,5,22-11-2021
h,Love it,Nice product,5,22-11-2021
ukemi,I like it,"The product is good so far 
I’m enjoying it",5,22-11-2021
tor,I like it.,"Beautiful design. Quality sound, though the bass could still be better. Battery life is alright. Not being able to customize touch control can be frustrating but is manageable. Overal good product.",4,22-11-2021
gsley,I love it,"It's worth every penny, the long lasting hours, the fast charging and even the light weight.",5,22-11-2021
dy,I love it,Really nice sound quality and punchy bass,5,22-11-2021
ry,Grt!!!,Super bass,5,22-11-2021
taah,cool,Very Good,5,22-11-2021
,review,"This is my first earbuds experience.
It looks pretty cool, the design is spectacular.
The sound quality is great, especially the bass.
For a bass lover this is phenomenal, the best part is the bass is outstanding but it doesn't drown out the highs and mids.
I wouldn't for outdoors/busy environments with the ear tips on (bass mode).
The ear tips block out external sounds and amplify the bass, almost sounding like strong headphones.
Without the ear tips you can't get much bass which sucks but you would be able to hear what's happening around you and it feels a bit lighter on the ear without the tips.
I haven't used it long enough to say more but it's quite authentic for the price range, it's a good buy",5,22-11-2021
AS,Like it,"It is as described 
I like it",5,22-11-2021
SAN,It's meeting the expectation,It works very well and worth the hype.,5,22-11-2021
wa,Wow dis is amazing.,Confirmed Product! Dis really amazed nice one from Oriamo.,5,22-11-2021
wojolu,I like it,"It the best 
Worth the price",5,22-11-2021
URE,IT STAYS,It fit's and stays on both ears. Finally,4,22-11-2021
LINS,I like it,Not too comfortable with my ear but the sound quality is pretty good,4,22-11-2021
oluwa,I like it!,It's actually really good. But no volume increase or decrease on the freepods themselves.,4,22-11-2021
UN,Good but...,"You would think the FreePods 3 would be an entire upgrade to the FreePods 2 but no, some features were removed like the Power feature and other stuffs but still a solid 7/10",4,19-11-2021
SINA,great,Just that I'm finding it hard to pick calls or redail. I just need to study it well. Perfect,4,19-11-2021
KUNLE,Lovely,Lovely product,5,19-11-2021
NCIS,I love it!,Super sound!,5,19-11-2021
drach,I like it,"It has good sound, got what i ordered for. Its worth the price",5,19-11-2021
onle,good,Awesome,5,19-11-2021
ADE-IDOWU,I like it,The product is impressive,5,19-11-2021
ZODO,Oraimo ear pod,"Awesome sound, bass and battery. Causes pains to the ears occasionally. Aside that, Perfect",4,18-11-2021
Y,Enjoyment all the way,Beautiful product and Very nice,4,18-11-2021
gbabu,I like it,Worth the value,4,18-11-2021
nce,oraimo freepods 3,"I like the sound quality, the bass is okay, the call quality can be better,",4,18-11-2021
anna,Amazing,It's very good as advertised.,5,18-11-2021
ib Bolaji,Nice,The position in ear is not fashionable,5,18-11-2021
DOSU,great,Nice quality,5,18-11-2021
yd Anunam,Working good ????,It’s perfect!,5,18-11-2021
ka,gr8,it's cool,5,18-11-2021
iola,Greatproduct,The sound quality and tge battery life is great,5,18-11-2021
N,pod,Bass is amazing ????,5,18-11-2021
ocent,excellent,It's strong an excellent.,5,18-11-2021
KUNLE,value for money,The comfortability of the pods and the bass is an improvement from the previous version,5,18-11-2021
NEFO FRANKLIN,It’s a good product,Noise cancellation,5,18-11-2021
ede,sound,Just too perfect,5,18-11-2021
ayTan,nice,Terrible delivery.... but the buds are cool though,5,18-11-2021
arinwa,free pod 3,"Auto connect, and the good and sound output",5,18-11-2021
toke,THE BASS,The bass,5,18-11-2021
,Great value for money,The environmental noise cancellation works perfectly fine.,5,18-11-2021
,i love the sound like mad,Been great so far conversation feels like its face to face,5,18-11-2021
niyi,Perfect product,The sound and the durability,5,18-11-2021
enike,Affordable and value for money,"Great for music, good for calls too. It’s affordable and a great value for money",5,18-11-2021
ddeus,Great quality,Nice bass. Deserves 10 stars,5,18-11-2021
tin Nzan,Oraimo,Superb,5,18-11-2021
YD EZEKWE,FreePods 3,Excellent production. I love it,5,18-11-2021
chal,I love it,"The freepod3 is the best. The battery last a full day non stop,, i got exactly what i wanted. Kudos to jumia",5,18-11-2021
CKS,fantastic,Best pods i have used in a while.,5,18-11-2021
dera,I Love it,The oraimo freepod 3 is the best with good sound and long lasting battery,5,18-11-2021
MOBO,Good,Excellent,5,18-11-2021
OCENT,Great product,Fantastic sound and sleekp,5,18-11-2021
ES,I like it,Like the Bass.,5,18-11-2021
omi,perfect,"It was perfect, exactly like  the same item displayed",5,18-11-2021
y Amobi,Awesome,Worth it,5,18-11-2021
UF,I dont like it,"People calling me can hardly hear me using the FreePods-3 2Baba. I will have to remove it and use my phone directly.

And this isnt good enough because i did not purchase this for just music alone.  so sad I did purchased it.",2,18-11-2021
unopribo,Charging,mine dosn't stop charging automatically as it is on manual,3,18-11-2021
,yap,They should improve,3,18-11-2021
ra,good quality,I like how it feels on my ear,4,17-11-2021
mi,Quality is amazing!,Well the freebuds' right ear keeps coming out.,4,17-11-2021
CE,its actually a great earbud,"My only problem with it is that after the earbuds have been in your ears a while, it starts hurting. Maybe y'all could make the next design a tad smaller. It is otherwise amazing",4,17-11-2021
ULLAHI AMIN,Good Product,Am totally in love with d product. Its everything I want in an earbuds,4,17-11-2021
uq,good,Not a bad product and was delivered on time,4,17-11-2021
ga,i like it,It's worth the price.,4,17-11-2021
TOR,sound,Perfect,5,17-11-2021
n,Very wonderful product,Great sound and battery life is long lasting. I highly recommend this product.,5,17-11-2021
SON THOMAS,very good,Very very good i love oraimo products,5,17-11-2021
rhib,this is my mini home theater (sound system),"I'm not trying to over hype it oo but this is one of the best earpods I've ever come across, connectivity is perfect, the sound especially the base is excellent, the battery is outstanding, the Bluetooth distance is superb and it's rugged. Oraimo products are basically built for Nigerians.",5,17-11-2021
anuella,beautiful,The new design is flawless,5,17-11-2021
nsola,nyc,It's awesome,5,17-11-2021
mola Olutoyin,"Solid, Value for every kobo.","Noise cancellation, solid and sleek appearance, clarity of sound, durability of battery...all round excellence. Oraimo is always on point.",5,17-11-2021
yinka,Nice product,"The bass is super excellent,",5,17-11-2021
,Excellent,Good bass and long battery life,5,17-11-2021
teju,Make sense,Make sense,5,17-11-2021
bo,sound effect,Great sounds effect. Clear audio while on voice calls. Still trying to get used to using it though.,5,17-11-2021
ilayo fabusuyi,Good,Let it connect to calls automatically,5,17-11-2021
kson,mx,The sound is perfect,5,17-11-2021
,Oraimo Freepod 3 Review,Good product,5,17-11-2021
ssz,this is cool,I love it die????,5,17-11-2021
be,I love it,"Can't say much,but perfectly in love with the  earbuds...",5,17-11-2021
tor Anwakang,Me,Great sound production,5,17-11-2021
ac,good,It give the best sound,5,17-11-2021
ul-azeez,Fantastic,It's indeed superb than the way it's been describe.,5,17-11-2021
urrahman,Excuisite,There has been no problem with it it has worked absolutely great and also looks very nice I am currently wearing it and using it's microphone to audio type,5,17-11-2021
watobiloba,Good one,Good product,5,17-11-2021
YE,perfectness,Everything abt it is lit,5,17-11-2021
rles,Oraimo,D bass is dope..,5,17-11-2021
oola,super fun,"The beat, the bass it's one of a kind.",5,17-11-2021
ISTOPHER OBIOSAH,Nice,The bass could be improved better,5,17-11-2021
A.,Awesome product,A decent improvement over the version 2.,5,17-11-2021
ir,I like it,I love the sound it brings,5,17-11-2021
su,I like it,It's amazing ????,5,17-11-2021
msDee,worth having,Works perfect,5,17-11-2021
ise,prefect,right on point,5,17-11-2021
emiah,Sound quality,Best sound quality I've ever heard......????,5,17-11-2021
da Madu chiwar,Thank you,It is really what it is so cool,5,17-11-2021
ra,Dope!,It's just dope!... that's just the best term to use to describing the feelings it gives????,5,17-11-2021
dence,????????,The ba3 life,5,17-11-2021
uwajuwoni,oraimo freepods3,"The ""boom""!",5,17-11-2021
am,Oraimo FreePods-3,It works perfectly. Dope bass and cool charging case.,5,17-11-2021
hie5683,worth the price,Get one and find out more...,5,17-11-2021
,great,Nice product,5,17-11-2021
.,I don't like it.,Key functionalities are missing compared to Pod 2.,2,16-11-2021
omagnificos,okay product,"Sometimes when I try making calls no one hears me its frustrating I'll hv to restart it like 5 times to be able to pick my voice up on calls ????   

Besides that, music sounds good not the best but makes sense nd last long atleast.  Speedy connection it's good....

For online gaming the latency isn't accurate enough you'll shoot before getting the shot sound.....

Work on this on the next in line.
Thanks ???? ????",3,16-11-2021
UEL ISRAEL,Great,"A pouch should be created for it, its not in the market",3,16-11-2021
oluwa,Oraimo freepod 3,"Actually the freepod is nice but too big for my ear and painful to it. Also I could not use it to make call, they don't hear me when I use it to call. But with music it is beautiful",3,16-11-2021
WAN,OK for music,"It needs to be optimized for gaming, there's an audio lag of about 1s",3,16-11-2021
anuel,Good product,The product is great. The sounds without the buds should be improved as well.,4,16-11-2021
KAN,Good Enough,"The free touch is probably not sensitive enough. Cos you have to tap several times before it responds. But the sound is great, The battery power is amazing and the grip is perfect... It hardly falls off (I once used it to run in the rain. It didn't fall of and the water had absolutely no effect on it).",4,16-11-2021
ky,great product,"Nice, it works fine",4,16-11-2021
hif,very good,It's a very good product,4,16-11-2021
y,nice,Seems battery life isn't portrayed correctly though,4,16-11-2021
nne,I like it.,Nice battery life. Not too strong in the ears. But a decent product.,4,16-11-2021
our,"Nice sound, good bass,.perfect fit",Increase the Bluetooth connection range,4,16-11-2021
YE,"i like,","Sometimes people complain about not hearing me properly, besides that, the sound quality is top notch.",4,16-11-2021
efa Priye,The Oraimo freepods 3 is amazing,It does the work for an average priced freepods. The ear fit is good too.,4,16-11-2021
ID,i like it,"ok, i like it",4,16-11-2021
WALE,Cool,It is clear enough,4,16-11-2021
SSING,excellent product,"Great value for money. Does what it is suppose to do.
You just need to to improve the latency, add ANC and an app to tweak the pod settings. Overall and excellent product considering its price",4,16-11-2021
RY,its cool,The bass is something else. Get your Oraimo free pod 3 today,5,16-11-2021
s,perfect bass and long battery life,perfect bass and long battery life,5,16-11-2021
on Cephas,Confam earbuds!,"Really great sound quality from oraimo
Love it!",5,16-11-2021
sola Morohunfolu,Better that FreePods-2,"Great sound, the case looks good too. Overall great user experience",5,16-11-2021
oha,Great,It’s very great...I call it my wife,5,16-11-2021
em,The sound,The  noise control and the bass is the best so far,5,16-11-2021
nemerem,Satisfied,This Bluetooth device has nice sound and also lasts long.,5,16-11-2021
gata,kool,I like it,5,16-11-2021
,Worth it ❤️,"It's an awesome improvement compared to FreePods2. Just realised I've been wearing them wrong since I got them 2 days ago. I mistakenly figured it out today and this bass they worked on is ????
They even removed that annoying ""Disconnected"" and ""Batri loooow!"" that Tuface says in FreePods2 ????",5,16-11-2021
nus,Nice Battery,The ear buds works just perfectly fine????.. The battery life nah mad oh! Nice one from Oraimo????,5,16-11-2021
riel,Good product,It's just what I needed. Thanks,5,16-11-2021
rew Emeghara,Perfect!,"This was a good buy, I don’t regret it one bit  highly recommended if you fancy bass",5,16-11-2021
ke Martins,Nice,"Nice 
 I love it",5,16-11-2021
ell,AMAZING,"AMAZING PRODUCT, AMAZING DEAL, AMAZING DELIVERY SPEED!!! I couldn't say less. Thank you for the Service, Jumia.",5,16-11-2021
EBRI,ok,Good item,5,16-11-2021
anuel Dickson,Mr,"This right here is beautiful and the sound is awesome, you can hear tiniest instruments",5,16-11-2021
mide,I like it,I like the bass of the device. It's really cool,5,16-11-2021
san,Hassan,Great product,5,16-11-2021
i Oladunjoye,Good,Good freepod,5,16-11-2021
id,good,Long lasting ????,5,16-11-2021
ima,sounds,It's sounds very good and it's portable,5,16-11-2021
g,Oraimo freepod-3,The bass is nice and sound very well,5,16-11-2021
TUNATE,Good product,"Product was well packaged and delivery was fast. Good bas;, battery lasts long enough and it fits perfectly well into the ear. 
Value for money.",5,16-11-2021
id,ear piece review,"Very awesome, battery last long on average volume... Also has powerful bass. Like the design it's sliq, It's a very good product u won't regret the purchase. Also come with good packaging too.",5,16-11-2021
MAZINO,perfect,Works like fire ????????????,5,16-11-2021
aowo Daniel,Very good,Reducing the cost,5,16-11-2021
uman,amazing,"The bass, the fit and the design, top notch",5,16-11-2021
kunle Jokosanya,Good,I love the new AirPod,5,16-11-2021
umi,excellent,I love it,5,16-11-2021
eph,"it works fine,nice sound and bass",The quality,5,16-11-2021
o,Sound,"Amazing bass and surround sound
I could hear the singers thoughts even",5,16-11-2021
ul Hafiz,Great,Sound quality is very good.,5,16-11-2021
est,one of d best,The sound is something else and is so clear when making call,5,16-11-2021
AWEMA,Good,Thumbs up,5,16-11-2021
a,productivity,I????It ....Wonderful,5,16-11-2021
sat,Oraimo earbuds,Hubby loves it and it's working well,5,16-11-2021
ECHUKWU,Perfect sound,Mad output... best buy so far. The water resistant part is not so true tho because mine started having slight issues after it fell into a bucket of water but I'm still impressed by its overall performance and battery life.,5,16-11-2021
ice Celestine,Cool,I like it,5,16-11-2021
ry,Nice product,It's nice,5,16-11-2021
OH DELE ALONGE,It’s a downgrade to the Freepod 2,"It’s looks like Freepod 0, too loud, no bass, it disconnect at will, lack sensitivity. I advise you buy the Freepod 2 rather than 3, it’s a poor work put together I see it like a downgrade. DO NOT WASTE YOUR MONEY ON THIS LIKE I DID.",2,15-11-2021
i,I had better expectations,"While the bass mode with the rubber attachment is ok even tho it can become unformfortable after some time, I must say the awareness mode is nothing to write home about. Well, I guess I have to continue using it like that for the main time.",3,15-11-2021
nbi,Good sounding earbuds,"It has excellent price to quality ratio. The microphones are excellent especially at this price point. The only issue with the pods is the fit. It's totally uncomfortable for long term use. I can barely use it for more than one hour without feeling subtle pains due to the poor fit.
The same challenge is experienced with or without the various ear tips included in the package.

If it fits your ears perfectly, then you should have no issues with it.",3,15-11-2021
EKA FESTUS,Perfect,It’s cool,2,15-11-2021
edikachukwu,I like it,Great product with clear bass sound. Battery also last long,4,15-11-2021
C.,I like it,It's working optimally so far.,4,15-11-2021
,"It's nice, but not perfect yet.","The battery capacity is manageable though. Aside that, the base is nice, you can answer calls with it but the phone has to be very close to you for the person to hear clearly.",4,15-11-2021
buzo,lovely product I must say,"I don't know if the pods have a mouthpiece though cuz I tried making a call without holding my phone and the other person could barely hear not until I brought the phone closer to me Asides that, music and every other thing has been great.",4,15-11-2021
ji Michael,great Eardbuds,Perfect so far. Providing DIFFERENT SOUNDS,4,15-11-2021
,Worth it.,"Considering the price, these freepods 3 deliver. An audiophile might not consider buying this but a regular human would, to get a bit of beyond average music experience. That said, the ENC is not a solid home run; I wasn't not expecting it to (price factor). It suffers connectivity issues with my laptop mostly and latency with both laptop and phone (at least on my devices). That said, good frequency response and great battery life at the price.",4,15-11-2021
zaram,"It's just perfect, i like it","Comfortable to wear, the sound quality is impressive and the noise cancelling feature works",4,15-11-2021
id,okay,it's very ok,4,15-11-2021
watodimu,Good,It's good for the price,4,15-11-2021
eror Da Grëãt,"I like it, I got what I ordered",The only reason it got a 4 star is because of how it fits. I have to constantly push it in before it stays. It’s a good product overall,4,15-11-2021
NCE,Love,I love it die,5,15-11-2021
il,i like it,Nice sound,5,15-11-2021
ne,I love it,"It’s exactly what I wanted and I really love that
And the delivery of the product was super fast✨",5,15-11-2021
aland,I love it.,Nice Bass. Good Battery,5,15-11-2021
os,I love it,The bass is super great. Working perfectly. No complaints at all.,5,15-11-2021
TINE,Good product,"Bass/sound is good, quality good, battery excellent, ENC work very well,I would definitely recommend you get this 10/10",5,15-11-2021
luku,I love it,I I has the kind of bass I've been looking for,5,15-11-2021
tine,I like it.,It's not perfect. But it's obviously a short term choice.,5,15-11-2021
ulsamad,Omoorr. Oraimo did a nice job for this.,"Sound was so good. Perfect, everything about it is good. 

Cool to use on ear.",5,15-11-2021
,better than the second,"Great buy. Bought it for cheap too, so value for money! Mic picks up voice during calls way better than the freepods2. Better audio, better fit, better battery life.",5,15-11-2021
sunkanmi,I like it,Perfect,5,15-11-2021
oluwapo,I Love it,Best Ever,5,15-11-2021
la Ben,Strong Battery life,"It has an amazing battery life, fits in the ear and the bass is okay.. 
The cons is that it has no active noise cancellation though can pretty block noises around you a little bit. But when you're in public like say in the road, you will notice the missing ANC. 
Totally it's worth the price... The battery is amazing. I used it a full day and only charged once.
Worth the buy!",5,15-11-2021
omoye,Incredible,Oraimo is the best ????????????. I love it,5,15-11-2021
toye,Perfect bass,I totally love the bass. Great upgrade from the Freepods 2.,5,15-11-2021
istopher,I like it,Quality buds,5,15-11-2021
nces,.........,This oraimo freepods-3 i can say is better than freepods-2. I like the 2 modes it has and the battery life is good,5,15-11-2021
ilola,I love it,I love the packaging and the freepods works well.,5,15-11-2021
ny,Amazing!,Oraimo outdid themselves with this one. I'm even more impressed with the battery life. The sound clarity is on another level,5,15-11-2021
yam,Great bass,Great bass… I love it,5,15-11-2021
HRO,good buy,"The notice cancelation works the bass, trebel works very well, the battery lasts long, so yh it's a great buy",5,15-11-2021
apo,Dope!!!!!,great product from oraimo,5,15-11-2021
anuel,nice product,Sounds great,5,15-11-2021
dex,I like it,Oraimo to the world,5,15-11-2021
yemi,Decent,Works fine easy to connect... but has approximate 1.7s lag so sometimes when u pause take almost 2s to do that same as when u play... used it for my COD mobile game and I'll shoot like 2s before I start hearing the sound... apart from that quality device,4,14-11-2021
dapo,I like it,Clear sound.... Nice fit... Great design ????,5,12/11/2021
swill,Very good,Lovely,5,12/11/2021
nymous,Great product,"Awesome bass on this one.
Did not disappoint",5,12/11/2021
MIDE OGEDENGBE,I love it.,Amazing Sound and feel. Cannot fall of the ears even when running.,5,12/11/2021
WAFEMI,Quality product!,Only snag is rubber falls off sometimes.,5,12/11/2021
aham,Bass,Top quality,5,12/11/2021
iour,I love it,"Have always been a lover of oraimo products, the bass is really different and long lasting battery life",5,12/11/2021
o!,Awesome fit! Wcked Bass,"It's extremely epic having on of these, sounds super and delivery literally took less than 2 working days, me likey! 100 stars",5,12/11/2021
ike,I would recommend.,Great sound. Swift pairing. Good battery life.,5,12/11/2021
som Best,its really dope,"I recommend, trust me",5,12/11/2021
ome,Glad i got it,"I must say the freepod is everything and more, I'm glad i got it. The bass and the sound are everything. Thank you oraimo for this wonderful product and thank you jumia for the fast delivery",5,12/11/2021
gbite,It's a madness!,You'd hear everything!,5,12/11/2021
IAM,Excellent,My customer loves it especially the express delivery,5,11/11/2021
rick,Oraimo Freepods-3,Product is nice and delivery was very good,5,11/11/2021
o Blac,amazing product to use,It's long lasting ????❤️ amazing product,5,11/11/2021
Y,perfect wit a good bass,This is simply a good product. A lot of sound from this small speaker.,5,11/11/2021
son,I love it,I love it,5,11/11/2021
orism,Really love the product,"Love it, plus it was very affordable thanks to Jumia",5,11/11/2021
feek,It's Good,It's good but I don't really enjoy the ENC,4,10/11/2021
uel,Very okay,The bass mode maaad,5,10/11/2021
umba,ok,Ok ok ok ok,5,10/11/2021
ny,I like it,Good quality. Great improvement from the freepod 2,5,10/11/2021
nboile,I love it,"It works as advertised, good product, good quality.",5,9/11/2021
zzy,Oraimo freepods 3,The pods fit perfectly and the sound is amazing..Great quality and its affordable.,5,9/11/2021
cious,Same old,"Nothing special about it,
Just some regular headset...",2,9/11/2021
hony,its nice for the price,nice for the price. the issue i have is that it stops and continues without any major obstruction of the Bluetooth connection,4,9/11/2021
shall,I LIKE IT,It is lovely good sound quality and lasting battery,4,9/11/2021
e,its very nice,Is ok but sometimes it use to pain in the ear,5,9/11/2021
wadamilola,Amazing sound,"It is better than what I expected. Though, the ears from me are not that fitting but it is still manageable. I love the bass",5,9/11/2021
owa,It’s an amazing device,What you pay for is what you get..  the price and quality go hand in hand,5,9/11/2021
ul,Review of Freepods 3,"The Bass and audio quality is great , the mic is good but I do get complains sometime of not being heard clearly sometimes",4,8/11/2021
SELL,"Nice product, value for price",Good sound quality for call and music,4,8/11/2021
nifer Akankali,Oraimo Freepods 3,"It works okay, however the additional earplugs are quite uncomfortable.",4,8/11/2021
enna,Very fantastic I like it,Very good,4,8/11/2021
nkpa,Why can't i control the Volume of the freepod3?,"It is indeed top notch and one of the best of its kind,i only observed that there is no volume control on the araiom freepod3  earbuds which was one of the features i really enjoyed in the freepid2 verson.",4,8/11/2021
kwuemeka,Great,"It's lows and high are evenly tuned and it volumes can be high, but not too sure of its environmental noise cancellation",4,8/11/2021
to,Good product,"Good product , could do well with a better tap setting and noise cancellation",4,8/11/2021
umide,Ergonomics,The ergonomic design is not good enough,4,8/11/2021
fisayo,OraimoFreepod3,Satisfactory,4,8/11/2021
ponnle,work on the bass adjustment via smart phones,The product is nice,4,8/11/2021
nik,Hi,Hi hi hi,4,8/11/2021
anuel,Soundgasm,"You just gotta love this product! . The bass is perfect, and the product Itself is equitable, enjoyable, useful and usable.",5,8/11/2021
DUM,Excellent device,Good sound,5,8/11/2021
watoba Ayeni,Lovely,What I requested was what I got….all thanks to oraimo,5,8/11/2021
ok,Great Product,"High bass quality, clear sound (HD), and environmental noise cancellation as advertised by Oraimo. Keep up the good work. 
The delivery agent was fast. Kudos to him. Keep up the good work, Jumia.",5,8/11/2021
hael,best i have ever seen,"The best of the best .. When i first got it i didnt really understand how its functions are like until i went through the manual .. Its is the best the bass pure sounds .. First time am buying something from jumai with complain tnks oriamo , thanks jumai..",5,8/11/2021
nMorriS,The Quality is topnotch.,"The design, The sound, The battery life is superb.",5,8/11/2021
machukwu,I like it,Nice products and timely delivery,5,8/11/2021
n,the battery,The battery,5,8/11/2021
h Ada,Oriamo freepod 3,Coooool,5,8/11/2021
ULMARUF,Lovely ????,Oraimo product,5,8/11/2021
imfon Udeme,It’s perfect,Should have volume control on its own. Sound too low,5,8/11/2021
y,oraimo freepods 3,Awesome exactly what I ordered ????????,5,8/11/2021
mehule Success,Very nice good sound and wonderful battery life,Waiting for the pod 3 pro,5,8/11/2021
ka,i love it,The sound,5,8/11/2021
n,It's a decent product,"I love the sound and battery life. The only thing that I have issues with is the lag when watching video. If you're picky, it'll be an issue for you",5,8/11/2021
OLUWATOMIDE,I love it,I really love it. Oraimo is one of the best.,5,8/11/2021
ninyene,perfect product.,The bass and the battery is perfect. Kudos to Oraimo,5,8/11/2021
lor,I love it,The bass and sound is magic. Gave me goose bumbs at the first tym,5,8/11/2021
DOZI,great product,good sound with strong battery life,5,8/11/2021
eph,Cool,The bass is awesome,4,8/11/2021
uel,very good,The specs are just as it is,5,8/11/2021
son,nice,Nice product,5,8/11/2021
kwuemeka,Great,Really love it,5,8/11/2021
ky,I love it,The product is actually nice as advertised. Unique sound moreso the bass output is actually mad. Having little challenge with the earpord staying firm on my ear tho,4,8/11/2021
MA,I am happy,Good buying stuff on jumia,5,8/11/2021
ed,Like it,Performance conformed to specifications.,5,8/11/2021
WOLE,Very Loud and Clear,Excellent,5,8/11/2021
wemimo,Not as I expected,It's okay,4,8/11/2021
nezer Agunloye,So lovely,Sounds better,4,5/11/2021
,Pairing,Not able to pair my 2 phones at the same time like the freepods 2,4,5/11/2021
itope Oluwabiyi,Review,It was good,4,5/11/2021
iyu,I love it,I love it wey more better,5,5/11/2021
phen,nice product,Perfect bass,5,5/11/2021
ER,Best among the Best,"The Bass is like you are in a studio.
I love it. Nice one jumia",5,5/11/2021
YU,good product,very good quality product...only lame/annoying part is tuface's voice as he says 'connected' lol,5,5/11/2021
tor,It is so wonderful full of bass I love it,I love the 2 pod 3 I love the sound soft and nice with balanced bass,5,5/11/2021
vanus,ORAIMO FREE PODS 3,Additional increase in sound,4,5/11/2021
UOLISE,sweet,It was worth buying.,4,5/11/2021
 Shadrach,Great but …..,The EarPods are great but when using the rubber tips they are quite uncomfortable to wear.,4,5/11/2021
eem,a good upgrade,a good upgrade to freepods 2,5,5/11/2021
ANUEL,ok,Ok okok,5,5/11/2021
orunsho,Great product,I enjoy the product.,5,4/11/2021
,amazing.,Awesome. Product,5,4/11/2021
za Umar,oraimo,The sound,5,4/11/2021
h,Bass,The bass is super,5,4/11/2021
da,Does the job,"It’s not painful in ear. The sound quality and base also very good. It holds a charge and lasts over 5 hours use with a charge. You don’t need to continually charge the case. A day’s charge can last more than 24 hours for you to keep recharging the EarPods 

I love the black colour.",5,4/11/2021
n,I like it,Quality stuff,5,4/11/2021
N,Great product,Very lovely,5,4/11/2021
sh,I like  it,Nice product,5,4/11/2021
i,battery,The left earbud stop charging after getting low I put in back in the case too be charge but it doesn't last long after two song,1,3/11/2021
bisi Oluwaseyi,left ear bud issue,It's pretty good but the left ear bud isn't responding  to touch,1,3/11/2021
ulazeez,Great,It's a 100%,3,3/11/2021
n,the bass does not hit hard its jus loud,Yes it can be better put good bass not making it excessively loud,3,3/11/2021
sa,Decent,Does everything mentioned but the bass and the enc could be better,4,3/11/2021
ENES,Nice product,"It’s a great product but they could include other features like ear detection, volume control in subsequent productions.",4,3/11/2021
fery,pods,They are ok,4,3/11/2021
cal,Cool,Nice bass,4,3/11/2021
y Vina,Oriamo,Not bad. But could be better,4,3/11/2021
es,everything,"Best product so far I love this


Thanks oraimo for making this possible",5,3/11/2021
kem chibuzo,The best !!!!,I fucking love it,5,3/11/2021
mide Coker,Amazing,Super bass to bad!! Fits into ears perfectly and the touch control .,5,3/11/2021
MDI,Superb sound quality,Omorrr… just buy it … you won’t regret it,5,3/11/2021
omo,Like it,It’s good,5,3/11/2021
ssing,perfect,The battery life,5,3/11/2021
dra,Buy it,With good bass and comfortable in the ear. It's worth the price.,5,3/11/2021
ajin,"great product, nice sound","great product, nice sound",5,3/11/2021
zie Anozie,tho sound,Perfect product,5,3/11/2021
jobi,No regrets. As good as the hypes.,"Yes, you should buy. The product is rated as it is. Thank you Oraimo! You guys are really doing a great job producing quality products.",5,3/11/2021
a,Great,Awesome,5,3/11/2021
cious Ubani,Code and app for the earbuds,"I think there should be an app for the buds. Battery life is great, fit is great and sound it great.",5,3/11/2021
ZEE,I like it,So much wonderful..I love it,5,3/11/2021
wunmi,Excellent!,the sound is great. more comfortable than most earphones.,5,3/11/2021
kunle Adedayo,Ok,It is ok,5,3/11/2021
ian Idahosa,Literally the best,"When my younger sister used it, she screamed in amazement. This one’s the best I’ve used. The sound quality is 100% and the battery is strong too.",5,3/11/2021
ngesit,good,Bass quality,5,3/11/2021
erry,Lovely product,"Well it doesn't fit in that much tho, which they need to improve on.
But i love the product.",5,3/11/2021
kwuebuka,nice,Awesome,5,3/11/2021
KWUEMEKA,wonderful,Perfect sound,5,1/11/2021
USTINE,I love it,It's working fine and give me what I need,5,23-10-2021
ammed,very good,"Is all d very best earbud I have u from oraimo, everything bigger and better than the previous model",4,21-10-2021
h,so nice,Great product,4,20-10-2021
AHAM,very good,Feel so good to use,5,20-10-2021
,as said,Exactly as advertised,5,20-10-2021
hukwu,very nice,"Not the perfect bass, but has a good battery life 7/10 in my opinion",5,20-10-2021
unrayo,Impressive,A good buy,5,20-10-2021
eem Kemi,Battery length,Battery life should last longer and increase in the base a little bit,5,20-10-2021
LO,sound,It's a great product from oraimo,5,20-10-2021
eshinye,oraimofreepods-3,"The Bass is very powerful,oraimo keep the good work.",5,20-10-2021
ul-lateef,good,Very good,4,20-10-2021
mokoya opeyemi,2baba,Perfect sound,5,20-10-2021
n,Excellent Airbuds,"Excellent sound, long lasting battery life and great build quality. I would buy again in a heartbeat!",5,19-10-2021
y,nice sound.,"nice sound????, love it????. but Oraimo pls make the pouch avaliable pls.❤️",5,19-10-2021
win,excellent,Perfect sound,5,19-10-2021
ami,I love it,"Durable, efficient and long battery life",5,19-10-2021
oluwa,I love it,"The bass is not from here
It makes mad sense and the battery is strong",5,19-10-2021
I,It’s nice,It’s pretty nice and very good output,5,19-10-2021
oluwa,Nice,Awesome sound production. I only had issues with it fitting into my very small ear.,4,19-10-2021
ibo,The best,"The bass is something else. This is what I've always wanted. Oraimo rocks. But it would have been more cute if it had noise cancelation. All the same, I love it. ????????????????????????",5,19-10-2021
ITO,Best for the price,Best for the price,5,19-10-2021
i,Very Good,Very Good,4,18-10-2021
lom,Good buy.,Simply Great!!!!,4,18-10-2021
ndamola,it's worth the price,Oraimo really did well with this than the previous one. The base is so go and I really enjoyed it.it's also comfortable in the ear.,5,18-10-2021
ENEDARE,I love it,fantastic,5,18-10-2021
deji Taiwo,Worth the money,The free pods 3 have great quality like most oraimo products with very good bass but after a while of using them the only issue I have is that once in a while I have connection issues. I feel like it has something to do with the three minutes auto shutoff time when not in use though but aside from that they are worth the money,4,18-10-2021
our Uzor,Lurrvvv it????????????,Cancellation of noise to the nearest minimum,5,18-10-2021
waseun,It's good for the price,Everything works as described,5,18-10-2021
id Osagie,Impressive,Impressive,5,18-10-2021
xis,wow,"This is by far the best from oraimo, stays on you ears, sounds better, although the latency is the biggest issue but only when playing call of duty so that's not even a downside..!!",4,18-10-2021
a,I like it,"Overall amazing product, the touch controls are just quite insensitive .",4,17-10-2021
saemeka,I love it,Absolutely awesome and superb,5,17-10-2021
ba,I love it,The product is excellent,5,17-10-2021
rew,Superb,I love the sound quality and it's battery last for almost a day. I'm happy I bought it,5,17-10-2021
zee,I like it,Good sound quality,4,17-10-2021
it,Very good,The earbuds do not fit perfectly,4,17-10-2021
z,I like it,Battery last longer than expected,4,17-10-2021
nab,The Earbuds are just awesome and worth it,"I have to say I really love this earbuds so  much, anyone that has the mind of purchasing it or not . I am here to tell you to go for it.  It's worth every money I spent on. The bass is what I love the most about it and the sleek design, it's portable and cute in the ear. I have to say  it is the best earbuds ever????. You won't regret. I hardly do reviews but this made me so happy ???? I had to do this one.",5,17-10-2021
haniel,I like it,Good product,5,16-10-2021
A Sheidi,Stellar Performance,I love this product,5,16-10-2021
bami,Its a perfect buy. Bass was a beast.,Highly recommend for everyone.,5,16-10-2021
Kelechi,Solid battery.,The earbuds is good for it price. Has a solid long lasting battery and good mic but the noise cancellation is not that great.,5,16-10-2021
UKO,Great Upgrade from the previous version!,"Great Upgrade from the previous version. 

Better Bass, Noise Cancelation, and great call clarity. 

I was able to get great value for my money.",5,16-10-2021
ta,it'sperfect,The bass is bass,5,16-10-2021
atifedesigns,Battery Life,Sounds good & Lasts long,5,16-10-2021
anuel,perfect sound,Perfect,5,15-10-2021
o,Review,It keeps stopping and playing when listening to music,4,15-10-2021
nklin,I love it it’s perfect,The sound is awosome,5,15-10-2021
tins,I like it,Good value for money,4,15-10-2021
HAEL,Excellent quality,Excellent Quality,5,15-10-2021
ka,Perfect ????,Works perfectly fine,5,15-10-2021
nola,Very nice,Its as good as advertised. Using it for over a week now and it's doing great so far,4,14-10-2021
anuel,I like it,I'm enjoying the product,5,14-10-2021
SON,it needs a little remodeling.,The pods are nice....almost just as advertised. The ear tips make the pods overly large and a tight fit in the ear canal. So technically u can't use it in the bass mode and enjoy comfort.,4,14-10-2021
ISTIAN,NIce product.,Works as advertised. Fits conveniently in the ears. Excellent sound quality. Long lasting battery life. However the case doesn't have a strap for easy carry.,5,14-10-2021
ST,I love it,"Amazing sound, incredible bass and long lasting battery life. Oraimo really went all out for this one????????",5,14-10-2021
NE,awesome,Awesome,5,14-10-2021
,WONDERFUL BATTERY & COOL BASS,"i love this product , and i use it all day. clear call quality and fashionable case.

works really cool.

BIG UP to ORAIMO",5,14-10-2021
CK BISHOP,Free pod,I tot u can pair two devices….Mayb I didn’t read d spec well….it’s clear tho but I wanted  a pod that can pair two devices.,3,14-10-2021
WALE,sound quality,Excellent,5,14-10-2021
I ALEMONU,Not too happy with this,"No volume control, no power on/off control, only one voice prompt, the rest are beeps. Bad sound in the so called 'awareness mood'. But the bass is decent when the tube thing is on it.",3,13-10-2021
s,FAIR,"Not as responsive as I thought it would be. Music stops on its own sometimes when you hold one of the pods on your hand without using the designated gesture.
The sound is fair, thought it would be better. But overall, I like it. I like the size and the way it fits in my ears like it was crafted specially for me, love the feel and design. Oraimo is really heading somewhere :)",3,13-10-2021
alola Farouq,Awesome,Just enjoy the sounds,5,13-10-2021
anuel OLOWO,love it,"Enjoying the superb battery life , only eartips is giving me problem",5,13-10-2021
zi,Ba3=A1,"If you're not ready for very intense bass, stay away!",4,13-10-2021
ulrahman,...,Portable and easy to use,5,13-10-2021
tor,Not Quality enough/ not worth the price,"This free pod is not comfortable in the ear when use with the rubber, without the rubber sound, is terrible but comfortable.",2,13-10-2021
NCE GEORGE,Oraimo freepod 3,"It’s perfect, sound it’s okay and the delivery is as dated",5,13-10-2021
TAPHA,Amazing product,It is amazing,5,13-10-2021
atunde,quality,Quality product,5,13-10-2021
omon,nice bass,Nice output,5,12/10/2021
FISAYO OJEKUNLE,Nice,Got what I ordered .,5,12/10/2021
hua,I like it,It’s okay and sounds really good,5,12/10/2021
m,I love it,Just as it promises ...thumbs up for oraimo..2baba,4,12/10/2021
BANJI,Awesome,Amazing noise cancellation and very good output......Best buy so far this year!,5,12/10/2021
echukwu Ebido,I like it,Great improvement from the previous version.,4,12/10/2021
wuyi,Best fot the budget Airbuds,It has been a good experience using the Oraimo freepods 3. For a while now. I'd recommend it for anyone on a budget for a quality airbuds,5,12/10/2021
nwo⁩,Excellent,Works well and fit well to the hearing,5,12/10/2021
i,Nice upgrade,"Good, I can say the call quality really improved Buh bass not so much and doesn’t seem to have ENC",4,12/10/2021
wa,Good,It's okay so far,4,11/10/2021
taron,Superb Sound For Much Less.,"I've been rocking these for over a week now and I must say; they are incredible.
I tested them out to the max volume for 5 hours straight and they've never died on me. 
One thing I'd love to see though is a carrying case i can clip to my trousers easily. 

Oraimo really did good on this one.

PS: Without the eartips on, you won't feel the full power of the bass. SO, I recommend leaving the eartips on.",5,11/10/2021
AEL,Nice!!,Good sound and battery life.,5,11/10/2021
hua Junior,Love it,One humid,5,11/10/2021
TOR FOLAGBADE,Nice,Nice device,4,11/10/2021
l,Top Notch,"The Bass production is very very punchy and awesome in the bass mode i.e when the silicone eartips are plugged in.
 Design wise, they are also cool.

My complains are the fact that when the silicone tips are removed, there goes the bass production and I would had really loved that mode because the silicone might start causing pains to my ears after some time.

I also do not like the fact that with a single earbud on, you cannot go to previous and next song together, only one.

Finally, the fact that the Earbuds cannot be switched off and on manually is my greatest turn off. 

Imagine leaving the Earbuds outside the case let's say you leave the house without the case and they turn off on their own when the Bluetooth is not connected for some time, then there's no way to turn it on again until you can access the case to put it in and take it out again.",3,11/10/2021
nce,good battery,It has a good call quality n also noise canceling good bass at the left ear,2,11/10/2021
vin,Great product,The sound's great,5,10/10/2021
un,Fantastic,The product was indeed amazing,5,10/10/2021
z,It’s okay.,"Good sound and battery life. 
Although, the sound breaks briefly when you are walking. Also, no volume controls",3,10/10/2021
atunde Ola,I love it,Beautiful piece of sound device,5,10/10/2021
su Edosa,Good quality,"Came as expected..good quality, i love it..oraimo forever",5,10/10/2021
UEL OLOWOYO,Sound Quality,The Sound quality is excellent and it's the same sound quality I get on my AirPods Pro when the Bass mode is used.,5,10/10/2021
estine,The package is nice,The sound from the buds  is just cool and amazing,5,9/10/2021
ISTOPHER,Love it.,I think this is the best thing that has entered my ear. For me it's all round perfect. Exactly as advertised. The environmental noise canceling is really a good touch.,5,9/10/2021
kwolu,Amazing product,Works perfectly and the battery life is great,5,9/10/2021
NISEBE,Love it,Good product with quality tech,5,9/10/2021
ye,peering issues,the two ear pods not peering together again after few days,1,9/10/2021
VE,I love it,"Just what I expected. The sound is clear, clean and the connectivity is superb. I recommend it for everyone. Thumbs up Jumia and Oraimo",5,9/10/2021
on,improved,very good stuff,4,9/10/2021
per,Nice beats,Awesome sounds. Fit well. Great quality too,5,8/10/2021
l,???? Perfect sound,I can't express my love for this Oraimo Pod 3...sweet in the middle. The bass is fantastic ????,5,8/10/2021
ECHI AMOS,Sweet ❤️❤️❤️,The best for me so far..,5,8/10/2021
YI,I love it,It is exactly as described both physically and in performance,5,8/10/2021
it,I looooovveeeeeee it,Everything about it from it's packaging till it's bass,5,8/10/2021
e AF,Love it,Love it. xxx the noise cancellation is great,5,8/10/2021
uel,Totally worth it,"The Earbuds sounds really nice. The sound was so clear, not muddy and the bass is fire ????",5,8/10/2021
u,The best so far.,This is simply the best.,5,8/10/2021
son,Nice ✌️,Nice quality ????,4,8/10/2021
deji,i like it,"It's pretty an awesome buds. But the bass, not to ""my"" satisfaction anyways...",4,7/10/2021
A,I love it,Happy to lay my hands on it,5,7/10/2021
ipe,I loveeeeee it!,"Really love this product. I just want to keep enjoying my music once it's one. The battery is another factor, it's really amazing and long lasting. I've not charged since I started using on 3 days ago. I strongly recommend this product!",5,7/10/2021
eem,perfect,Low consuming power and fitted,4,7/10/2021
MILAYO MARTINS-MENSAH,Good.,Nice…can’t wait to see what comes next.,5,7/10/2021
ulraheem,It’s okay,The product is actually what they say it is.,4,6/10/2021
gsley,Excellent,"Nothing stands near the bass mode

I cant believe i got it at this price

Thanks to Oriamo and Jumia store",5,6/10/2021
ngsky1,I like it,"I really love this freepod 3, it's a total upgrade of the freepod 2....The noise cancellation and also bass is top notch",5,6/10/2021
il,perfect,Battery life and sound quality is out of this life,5,6/10/2021
oma,Oraimo????,"The freepods 3 delivery was fast, good packaging, sleek case, good ear fit pods, bass is on point and battery life is on point ✨. It's really worth the hype.",5,6/10/2021
bami Okelola,Great product,It’s really dope i love it it’s strong and quality,5,6/10/2021
UDEEN,Listen to me,Get it! I transitioned from the freepods 2 to this one and I absolutely love it. ENC works as it should and the added bass is lovely. Awareness mode isn't as good as the freepods 2 but still an overall great buy,5,5/10/2021
